,Actb,Gadph,Metabolic process,#Detected Genes,Mapping rate
ola_mES_2i_1_1.counts,0.006805259,0.00015504,0.023556419,11947,0.775385676
ola_mES_2i_1_10.counts,0.008647994,0.00023053,0.030453829,11894,0.790886637
ola_mES_2i_1_11.counts,0.009517874,0.000172775,0.02402108,12321,0.774220237
ola_mES_2i_1_12.counts,0.008870822,0.000156907,0.027983323,12664,0.830620715
ola_mES_2i_1_13.counts,0.010301267,0.000118918,0.025333611,12934,0.78951195
ola_mES_2i_1_14.counts,0.010534167,0.000189363,0.027260716,12439,0.765325637
ola_mES_2i_1_15.counts,0.009611601,0.000128883,0.022688724,13124,0.774712995
ola_mES_2i_1_16.counts,0.009535653,0.000150644,0.02637942,13216,0.813592541
ola_mES_2i_1_17.counts,0.009805035,0.00014576,0.024966139,12674,0.800418826
ola_mES_2i_1_18.counts,0.009660712,0.00017774,0.029161752,12696,0.816702828
ola_mES_2i_1_19.counts,0.009856406,0.000117694,0.026483395,13282,0.798557822
ola_mES_2i_1_2.counts,0.008924162,0.000221643,0.023770059,11953,0.818775119
ola_mES_2i_1_20.counts,0.009961384,0.000158005,0.026740038,12871,0.812273604
ola_mES_2i_1_21.counts,0.007206382,0.000167045,0.026115453,12980,0.814534162
ola_mES_2i_1_22.counts,0.007842533,0.000236473,0.024253043,11754,0.824330999
ola_mES_2i_1_23.counts,0.010187474,0.000134898,0.023102769,12011,0.782726684
ola_mES_2i_1_24.counts,0.006051875,0.000123258,0.027047531,11558,0.778580841
ola_mES_2i_1_25.counts,0.009089917,0.000154799,0.026386222,12897,0.764638155
ola_mES_2i_1_26.counts,0.006861495,0.000122263,0.024554255,12931,0.751398435
ola_mES_2i_1_27.counts,0.007210938,0.000160419,0.024331879,12210,0.787756006
ola_mES_2i_1_28.counts,0.009434286,0.000159695,0.025923033,12366,0.805786285
ola_mES_2i_1_29.counts,0.007987034,0.000124864,0.025028672,12699,0.809954228
ola_mES_2i_1_3.counts,0.007277348,0.000140219,0.024976059,12851,0.806350301
ola_mES_2i_1_30.counts,0.010445545,0.000166673,0.027137183,12870,0.800224237
ola_mES_2i_1_31.counts,0.007611419,0.00010148,0.024359083,13133,0.791948792
ola_mES_2i_1_32.counts,0.006245752,0.00013081,0.026028086,12295,0.822189024
ola_mES_2i_1_33.counts,0.00625658,0.000352159,0.028133279,11653,0.797979464
ola_mES_2i_1_34.counts,0.007387416,0.000126561,0.025164829,12999,0.788614973
ola_mES_2i_1_35.counts,0.003315449,0.000119314,0.016256393,12145,0.662940988
ola_mES_2i_1_36.counts,0.00591605,0.000213613,0.026469629,11281,0.824756976
ola_mES_2i_1_37.counts,0.006443656,0.000152427,0.027710983,12830,0.810273768
ola_mES_2i_1_38.counts,0.006877823,0.000141059,0.025189022,12813,0.784876228
ola_mES_2i_1_39.counts,0.006013458,0.000123727,0.023259618,12472,0.819934039
ola_mES_2i_1_4.counts,0.006729896,0.000146231,0.024176934,12439,0.804622874
ola_mES_2i_1_40.counts,0.009178548,0.000201908,0.025173149,13129,0.811094738
ola_mES_2i_1_41.counts,0.008676423,0.000177665,0.027207263,11926,0.776140156
ola_mES_2i_1_42.counts,0.008266327,0.000161547,0.02570643,12654,0.799665674
ola_mES_2i_1_43.counts,0.007008164,0.000134098,0.025973781,12483,0.801871752
ola_mES_2i_1_44.counts,0.005978581,0.000207525,0.028075586,12833,0.807070385
ola_mES_2i_1_45.counts,0.008149099,0.000159022,0.027106048,13524,0.802314325
ola_mES_2i_1_46.counts,0.007652904,0.000188222,0.026741804,12693,0.803316168
ola_mES_2i_1_47.counts,0.004516545,0.000106862,0.027325341,12250,0.812215622
ola_mES_2i_1_48.counts,0.00348108,6.98E-05,0.024592801,11850,0.840421839
ola_mES_2i_1_49.counts,0.004281486,0.000152956,0.026087012,13623,0.806279076
ola_mES_2i_1_5.counts,0.007515271,9.01E-05,0.02349624,12100,0.759671441
ola_mES_2i_1_50.counts,0.007107258,0.00016817,0.026777464,12934,0.783148156
ola_mES_2i_1_51.counts,0.004951522,0.000119803,0.021391955,13650,0.730027056
ola_mES_2i_1_52.counts,0.006847745,0.00020869,0.030719603,13066,0.781059997
ola_mES_2i_1_53.counts,0.006337308,8.74E-05,0.02458104,13144,0.791195588
ola_mES_2i_1_54.counts,0.003251965,1.56E-05,0.016906759,12260,0.74064013
ola_mES_2i_1_55.counts,0.005057859,9.14E-05,0.025019832,13918,0.766922846
ola_mES_2i_1_56.counts,0.005048143,0.000113764,0.026304587,13910,0.788308977
ola_mES_2i_1_57.counts,0.007666799,0.000242344,0.028879281,13923,0.776910679
ola_mES_2i_1_58.counts,0.007292299,0.000140191,0.026867004,13109,0.781517658
ola_mES_2i_1_59.counts,0.007991467,0.000119069,0.026428788,13608,0.779639827
ola_mES_2i_1_6.counts,0.007533785,0.000158062,0.024295035,12572,0.773326334
ola_mES_2i_1_60.counts,0.006584359,0.000205679,0.030081884,13447,0.800855246
ola_mES_2i_1_61.counts,0.004750926,0.000161272,0.026270419,12488,0.808337069
ola_mES_2i_1_62.counts,0.007218456,0.00014176,0.026323115,12717,0.80349611
ola_mES_2i_1_63.counts,0.003649138,7.78E-06,0.018358468,11014,0.819890509
ola_mES_2i_1_64.counts,0.00295858,0,0.032262609,2761,0.576073276
ola_mES_2i_1_65.counts,0.003140001,6.06E-05,0.01114792,9230,0.55180656
ola_mES_2i_1_66.counts,0.008929507,0.000112529,0.027736553,13206,0.7872967
ola_mES_2i_1_67.counts,0.005898136,0.000128463,0.024659249,11188,0.832613479
ola_mES_2i_1_68.counts,0.007717366,0.00013371,0.025039397,12477,0.786929389
ola_mES_2i_1_69.counts,0.005705008,0.000188365,0.028945979,12202,0.817166801
ola_mES_2i_1_7.counts,0.008920273,0.000163511,0.026186593,12712,0.810811295
ola_mES_2i_1_70.counts,0.005959652,0.000143072,0.026725515,12226,0.793946284
ola_mES_2i_1_71.counts,0.004741548,0.000162798,0.026838701,12641,0.81488659
ola_mES_2i_1_72.counts,0.004640226,0.000150471,0.025017149,12338,0.820785866
ola_mES_2i_1_73.counts,0.003622216,0.000268312,0.032599946,3054,0.59420589
ola_mES_2i_1_74.counts,0.0063407,0.000205994,0.02684274,12237,0.815551533
ola_mES_2i_1_75.counts,0.003513769,3.47E-05,0.020485415,11267,0.829936982
ola_mES_2i_1_76.counts,0.007049025,0.000106281,0.028526086,10906,0.823893737
ola_mES_2i_1_77.counts,0.007407091,5.91E-05,0.022366459,12683,0.773949973
ola_mES_2i_1_78.counts,0.006993745,0.000101477,0.020896671,13552,0.786564161
ola_mES_2i_1_79.counts,0.005595901,0.000137035,0.023965254,13295,0.801781366
ola_mES_2i_1_8.counts,0.013948343,0.000156775,0.026423649,12670,0.797984641
ola_mES_2i_1_80.counts,0.005354581,0.000114897,0.025962684,12920,0.811723832
ola_mES_2i_1_81.counts,0.00535201,0.000154165,0.031688298,12577,0.810654615
ola_mES_2i_1_82.counts,0.008486563,0.000142029,0.025046632,12862,0.809034495
ola_mES_2i_1_83.counts,0.004925156,0.000147909,0.029606103,12556,0.812746152
ola_mES_2i_1_84.counts,0.00583358,0.000125018,0.026233846,12882,0.818204876
ola_mES_2i_1_85.counts,0.007398828,0.000195126,0.027351004,11153,0.786702925
ola_mES_2i_1_86.counts,0.007990515,0.000172292,0.026631404,12537,0.797944887
ola_mES_2i_1_87.counts,0.007416751,0.000171024,0.025848336,12323,0.807120137
ola_mES_2i_1_88.counts,0.004427227,0.000138351,0.036386276,2828,0.569171768
ola_mES_2i_1_89.counts,0.005938331,0.000197909,0.024101157,11694,0.755586507
ola_mES_2i_1_9.counts,0.009486189,0.00011377,0.02372629,12645,0.824229087
ola_mES_2i_1_90.counts,0.008224042,0.000144118,0.027344074,12694,0.797470368
ola_mES_2i_1_91.counts,0.006208526,4.92E-05,0.024065825,10226,0.812189726
ola_mES_2i_1_92.counts,0.007841436,0.000119586,0.024899275,12570,0.76519726
ola_mES_2i_1_93.counts,0.006746355,0.000103365,0.024285652,12227,0.821961594
ola_mES_2i_1_94.counts,0.005651622,0.000128701,0.026925427,12200,0.805745406
ola_mES_2i_1_95.counts,0.008862271,0.000127052,0.026662978,13112,0.77458872
ola_mES_2i_1_96.counts,0.00570842,0.00013003,0.025814769,12551,0.808565564
ola_mES_2i_2_1.counts,0.006630441,0.000338908,0.029651879,11769,0.804432128
ola_mES_2i_2_10.counts,0.003534603,0.000306755,0.027074748,11985,0.774135707
ola_mES_2i_2_11.counts,0.005465663,0.000272877,0.026824504,11694,0.79071167
ola_mES_2i_2_12.counts,0.004978517,0.000270695,0.028250497,11595,0.81084835
ola_mES_2i_2_13.counts,0.002308278,0.000272352,0.028367224,11605,0.803926056
ola_mES_2i_2_14.counts,0.006617218,0.000219096,0.030141528,11741,0.787683343
ola_mES_2i_2_15.counts,0.002829948,0.00017793,0.025349913,10617,0.828620353
ola_mES_2i_2_16.counts,0.003402624,0.000288841,0.026975036,12047,0.771370005
ola_mES_2i_2_17.counts,0.0047259,0.000246428,0.027697225,11788,0.795613049
ola_mES_2i_2_18.counts,0.005574095,0.000346054,0.031940454,10561,0.818859872
ola_mES_2i_2_19.counts,0.003109689,0.000262766,0.029043274,12004,0.800805562
ola_mES_2i_2_2.counts,0.004793176,0.00023631,0.028095239,11209,0.782410727
ola_mES_2i_2_20.counts,0.00543271,0.000315953,0.026444043,12123,0.802718731
ola_mES_2i_2_21.counts,0.003758399,0.000272308,0.026481709,11197,0.827386653
ola_mES_2i_2_22.counts,0.004773986,0.000273179,0.029190824,12137,0.799193043
ola_mES_2i_2_23.counts,0.004318382,0.000329714,0.029717991,11956,0.799327448
ola_mES_2i_2_24.counts,0.004815553,0.00050895,0.029648313,11781,0.796449815
ola_mES_2i_2_25.counts,0.004420025,0.000246109,0.028137605,11709,0.777984409
ola_mES_2i_2_26.counts,0.003367541,0.000264372,0.028996869,10797,0.807627358
ola_mES_2i_2_27.counts,0.005904656,0.000258777,0.025630585,11678,0.773175532
ola_mES_2i_2_28.counts,0.003967615,0.000150271,0.026906566,11194,0.817073652
ola_mES_2i_2_29.counts,0.004790889,0.000313443,0.03112249,11529,0.804006434
ola_mES_2i_2_3.counts,0.006329575,0.0003435,0.02549821,11776,0.784437789
ola_mES_2i_2_30.counts,0.005597968,0.000274822,0.032965388,11338,0.795547114
ola_mES_2i_2_31.counts,0.004750959,0.000273663,0.028017611,12049,0.772654482
ola_mES_2i_2_32.counts,0.003853931,0.000358665,0.024250494,12018,0.790369074
ola_mES_2i_2_33.counts,0.004550881,0.000353101,0.033692273,11202,0.79545198
ola_mES_2i_2_34.counts,0.004831343,0.000363969,0.02828587,11677,0.800532948
ola_mES_2i_2_35.counts,0.005038142,0.000261353,0.029848962,11751,0.794170719
ola_mES_2i_2_36.counts,0.002038693,0.000219844,0.030440604,11455,0.827273859
ola_mES_2i_2_37.counts,0.00459279,0.000313287,0.026623423,11611,0.806917011
ola_mES_2i_2_38.counts,0.003062341,0.000318704,0.030468061,11456,0.787060994
ola_mES_2i_2_39.counts,0.003766533,0.000472975,0.02983091,11582,0.798774748
ola_mES_2i_2_4.counts,0.00439762,0.000257568,0.028014075,10065,0.791643905
ola_mES_2i_2_40.counts,0.003653596,0.000252517,0.03725031,10406,0.795743456
ola_mES_2i_2_41.counts,0.002315538,0.000348691,0.028952959,11364,0.802186514
ola_mES_2i_2_42.counts,0.003557048,0.000269603,0.031003941,10642,0.80334389
ola_mES_2i_2_43.counts,0.005470034,0.000523996,0.032215712,11037,0.800725917
ola_mES_2i_2_44.counts,0.003339557,0.000414116,0.032002315,11611,0.803849433
ola_mES_2i_2_45.counts,0.001521351,0.00022673,0.018662061,8571,0.770715907
ola_mES_2i_2_46.counts,0.003490487,0.000458041,0.029701922,11796,0.809321065
ola_mES_2i_2_47.counts,0.003704756,0.000345938,0.030074937,11354,0.787543918
ola_mES_2i_2_48.counts,0.002440293,0.000335952,0.033195168,10853,0.820315562
ola_mES_2i_2_49.counts,0.003012996,0.000391744,0.028291908,11354,0.796434626
ola_mES_2i_2_5.counts,0.003198072,0.000222444,0.030666811,10423,0.784085982
ola_mES_2i_2_50.counts,0.00221254,0.000208296,0.025633355,10813,0.804287191
ola_mES_2i_2_51.counts,0.002706989,0.000313543,0.030912054,10965,0.79642955
ola_mES_2i_2_52.counts,0.004775257,0.000251848,0.030356989,10672,0.819519978
ola_mES_2i_2_53.counts,0.002972744,0.000311351,0.027455013,11797,0.807006642
ola_mES_2i_2_54.counts,0.004361446,0.00051295,0.030756337,10382,0.810657202
ola_mES_2i_2_55.counts,0.005194313,0.00051646,0.026252591,12363,0.765725912
ola_mES_2i_2_56.counts,0.003003694,0.000361062,0.030798371,11359,0.804981722
ola_mES_2i_2_57.counts,0.004530841,0.000380009,0.026870936,11877,0.781620694
ola_mES_2i_2_58.counts,0.003726583,0.000348971,0.027884117,12129,0.806935216
ola_mES_2i_2_59.counts,0.002921637,0.000331192,0.033835971,11815,0.807982063
ola_mES_2i_2_6.counts,0.005446601,0.000283409,0.026279657,11499,0.759888304
ola_mES_2i_2_60.counts,0.003281279,0.000335599,0.032393674,12324,0.807672666
ola_mES_2i_2_61.counts,0.00420394,0.000321279,0.026244617,11469,0.803091876
ola_mES_2i_2_62.counts,0.00552175,0.0003387,0.026901606,11490,0.761969955
ola_mES_2i_2_63.counts,0.003598156,0.000293721,0.024883263,11268,0.802310462
ola_mES_2i_2_64.counts,0.003925666,0.000251663,0.026826579,10988,0.796295171
ola_mES_2i_2_65.counts,7.30E-05,0,0.000334133,4456,0.423181132
ola_mES_2i_2_66.counts,0.003202026,0.000283351,0.027971358,10876,0.804665636
ola_mES_2i_2_67.counts,0.003438666,0.000302846,0.030933395,12000,0.800506865
ola_mES_2i_2_68.counts,0.004137639,0.000236444,0.028503612,11585,0.799534892
ola_mES_2i_2_69.counts,0.00432496,0.000310177,0.03219375,11912,0.785716849
ola_mES_2i_2_7.counts,0.006565023,0.000463762,0.029033205,11843,0.78765248
ola_mES_2i_2_70.counts,0.006302376,0,0.032135189,3380,0.361655773
ola_mES_2i_2_71.counts,0.00289869,0.00028143,0.027771907,10969,0.79712044
ola_mES_2i_2_72.counts,0.003817846,0.000331041,0.026106711,12313,0.793027531
ola_mES_2i_2_73.counts,0.004481414,0.000229279,0.024574124,12142,0.768177291
ola_mES_2i_2_74.counts,0.004144294,0.000215383,0.032520405,10545,0.788192125
ola_mES_2i_2_75.counts,0.005858639,0.000370926,0.027228131,12012,0.78056607
ola_mES_2i_2_76.counts,0.003766799,0.000198537,0.027329845,11128,0.806591352
ola_mES_2i_2_77.counts,0.038612314,2.36E-05,0.055518458,4259,0.071556694
ola_mES_2i_2_78.counts,0.005016505,0.000320804,0.026129504,11810,0.797714249
ola_mES_2i_2_79.counts,0.004166459,0.00021727,0.032145448,11472,0.815968578
ola_mES_2i_2_8.counts,0.004675652,0.00025395,0.027193375,12255,0.803693508
ola_mES_2i_2_80.counts,0.003117189,0.000300185,0.023831368,11962,0.757041338
ola_mES_2i_2_81.counts,0.004657201,0.000334052,0.030449471,11534,0.785377128
ola_mES_2i_2_82.counts,0.044615513,0,0.005657898,4411,0.212618253
ola_mES_2i_2_83.counts,0.006657531,9.26E-06,0.027796811,6043,0.097898836
ola_mES_2i_2_84.counts,0.001215346,1.41E-05,0.001952062,4557,0.196815699
ola_mES_2i_2_85.counts,0.006303921,0.000304612,0.030185457,11504,0.792034604
ola_mES_2i_2_86.counts,0.00450301,0.000228171,0.035814629,10435,0.806191802
ola_mES_2i_2_87.counts,0.005406066,0.000223136,0.027767347,11025,0.807657607
ola_mES_2i_2_88.counts,0.05369543,1.35E-05,0.010308446,3362,0.127150685
ola_mES_2i_2_89.counts,0.013990378,0,0.00187223,3586,0.121763872
ola_mES_2i_2_9.counts,0.005018213,0.00028859,0.029103901,12337,0.77582616
ola_mES_2i_2_90.counts,0.003000942,0.00026546,0.032375873,9800,0.824487336
ola_mES_2i_2_91.counts,0.005092759,0.000359464,0.029145156,11150,0.806435502
ola_mES_2i_2_92.counts,0.00138913,5.70E-06,0.017817975,8058,0.569210746
ola_mES_2i_2_93.counts,0.003290522,0.000263823,0.025750639,11675,0.799544949
ola_mES_2i_2_94.counts,0.003997725,0.000292192,0.032375919,10533,0.807638817
ola_mES_2i_2_95.counts,0.002431497,0.000303,0.02985915,8805,0.824114374
ola_mES_2i_2_96.counts,0.015727895,1.92E-05,0.031244805,3913,0.189537681
ola_mES_2i_3_1.counts,0.007931254,0.000105322,0.018120607,9440,0.61223563
ola_mES_2i_3_10.counts,0.009878049,0.000118894,0.022935845,10777,0.68239376
ola_mES_2i_3_11.counts,0.006379609,0.000169064,0.030899794,10326,0.737001759
ola_mES_2i_3_12.counts,0.011300837,0.000128023,0.026993481,10978,0.76638768
ola_mES_2i_3_13.counts,0.011978608,0.000163995,0.027786091,11369,0.757181278
ola_mES_2i_3_14.counts,0.00960384,1.36E-05,0.017038966,9650,0.621241659
ola_mES_2i_3_15.counts,0.008322027,0.000120568,0.028385561,11268,0.775417841
ola_mES_2i_3_16.counts,0.006355,0.000188869,0.030119848,10708,0.74274586
ola_mES_2i_3_17.counts,0.008175456,0.000159491,0.028539593,10225,0.705067459
ola_mES_2i_3_18.counts,0.009758219,0.000188667,0.029721282,9755,0.712197748
ola_mES_2i_3_19.counts,0.006817165,0.000183168,0.030515722,11682,0.764686208
ola_mES_2i_3_2.counts,0.008334984,0.00017315,0.028625497,10701,0.707508948
ola_mES_2i_3_20.counts,0.005611638,0.000116148,0.028990418,11282,0.765047287
ola_mES_2i_3_21.counts,0.00768637,0.000100553,0.019523255,10007,0.641497989
ola_mES_2i_3_22.counts,0.00853298,1.16E-05,0.020080014,8480,0.547666983
ola_mES_2i_3_23.counts,0.007184914,0.000124877,0.02666521,10331,0.696646786
ola_mES_2i_3_24.counts,0.006255259,2.16E-05,0.018374148,9759,0.602359874
ola_mES_2i_3_25.counts,0.004665963,0.000106291,0.025327364,11347,0.774423421
ola_mES_2i_3_26.counts,0.004758678,0.000148911,0.028351259,10000,0.690901674
ola_mES_2i_3_27.counts,0.006466323,1.28E-06,0.015014577,9546,0.618545738
ola_mES_2i_3_28.counts,0.005441258,0.000196297,0.032941697,10037,0.691232756
ola_mES_2i_3_29.counts,0.005635392,2.39E-05,0.015465966,8926,0.586218925
ola_mES_2i_3_3.counts,0.007031625,8.45E-06,0.017161775,10352,0.626489955
ola_mES_2i_3_30.counts,0.008920165,0.000163192,0.025319461,11541,0.770708126
ola_mES_2i_3_31.counts,0.00402016,0.00015009,0.031859088,10272,0.709203883
ola_mES_2i_3_32.counts,0.004680717,4.11E-06,0.015767306,8406,0.591613566
ola_mES_2i_3_33.counts,0.004259763,8.08E-05,0.022066085,10869,0.737387892
ola_mES_2i_3_34.counts,0.007579822,1.85E-05,0.025719202,8150,0.547166328
ola_mES_2i_3_35.counts,0.004477639,0.000390876,0.019431854,8659,0.539173924
ola_mES_2i_3_36.counts,0.00621413,0.000282286,0.025956664,10641,0.732303607
ola_mES_2i_3_37.counts,0.005896602,0.000158214,0.028991767,10933,0.728862207
ola_mES_2i_3_38.counts,0.003867629,0.000132846,0.025386147,10709,0.72196353
ola_mES_2i_3_39.counts,0.002387611,7.69E-05,0.01999265,10235,0.691703837
ola_mES_2i_3_4.counts,0.007213364,0.000156687,0.02807728,10412,0.700579142
ola_mES_2i_3_40.counts,0.004429893,7.69E-05,0.01471274,9521,0.576694068
ola_mES_2i_3_41.counts,0.006512019,0.000170175,0.027302697,11224,0.77239805
ola_mES_2i_3_42.counts,0.004151862,0.000269047,0.029142124,10370,0.692447291
ola_mES_2i_3_43.counts,0.006642626,0.000140712,0.029778039,10386,0.730557534
ola_mES_2i_3_44.counts,0.004599396,8.53E-06,0.02062798,9706,0.647648172
ola_mES_2i_3_45.counts,0.004586523,7.91E-05,0.026478652,9712,0.680920521
ola_mES_2i_3_46.counts,0.006252478,0.000142681,0.031115725,9983,0.725539765
ola_mES_2i_3_47.counts,0.005338329,8.31E-05,0.028444881,10485,0.743369428
ola_mES_2i_3_48.counts,0.006289192,9.44E-05,0.018389457,9724,0.651988538
ola_mES_2i_3_49.counts,0.00387216,0.000202513,0.032059429,10865,0.72585044
ola_mES_2i_3_5.counts,0.004556268,0.000185558,0.029926491,10532,0.766910333
ola_mES_2i_3_50.counts,0.004618307,0.000371154,0.019994055,9780,0.651499929
ola_mES_2i_3_51.counts,0.004953654,0.000147693,0.023610443,11324,0.728595843
ola_mES_2i_3_52.counts,0.010013571,0.000175532,0.028758388,11090,0.752484567
ola_mES_2i_3_53.counts,0.004406453,0.000196064,0.010569726,7845,0.550665418
ola_mES_2i_3_54.counts,0.011262301,0.000101846,0.023104604,9570,0.628674754
ola_mES_2i_3_55.counts,0.005186112,0.000127592,0.024694066,11283,0.735673086
ola_mES_2i_3_56.counts,0.006819772,0.000130854,0.028104826,11034,0.763488789
ola_mES_2i_3_57.counts,0.004732219,8.03E-05,0.027202917,10181,0.737674973
ola_mES_2i_3_58.counts,0.003503623,0.000141857,0.028295955,10066,0.733338335
ola_mES_2i_3_59.counts,0.005132198,1.32E-06,0.012962991,7877,0.615764415
ola_mES_2i_3_6.counts,0.009923998,0.000145051,0.026692287,11363,0.750096099
ola_mES_2i_3_60.counts,0.006292804,0.000183103,0.018732219,8677,0.561415623
ola_mES_2i_3_61.counts,0.006476366,5.86E-05,0.019954731,10474,0.641020982
ola_mES_2i_3_62.counts,0.007383562,0.00022381,0.031807717,10729,0.710662151
ola_mES_2i_3_63.counts,0.007101363,0.000116416,0.021062943,9796,0.620101938
ola_mES_2i_3_64.counts,0.009324118,0.00013937,0.022973484,10160,0.614864271
ola_mES_2i_3_65.counts,0.006123432,0.000110056,0.027148327,10685,0.747782301
ola_mES_2i_3_66.counts,0.005026049,0.000114317,0.027882213,9618,0.633844707
ola_mES_2i_3_67.counts,0.005885417,6.07E-06,0.022965269,9426,0.643636303
ola_mES_2i_3_68.counts,0.004133032,2.65E-05,0.018597088,9677,0.656885858
ola_mES_2i_3_69.counts,0.00901176,8.42E-05,0.017751581,8680,0.595810453
ola_mES_2i_3_7.counts,0.006083411,8.09E-05,0.029739321,11181,0.732944093
ola_mES_2i_3_70.counts,0.005611208,8.71E-05,0.015550383,7448,0.556956066
ola_mES_2i_3_71.counts,0.002378636,4.63E-05,0.010456729,4063,0.526249959
ola_mES_2i_3_72.counts,0.00386663,0.000301868,0.019844006,9027,0.587857125
ola_mES_2i_3_73.counts,0.006486798,0.000172658,0.026073237,11787,0.75603185
ola_mES_2i_3_74.counts,0.003746425,7.10E-05,0.016440351,11137,0.683470278
ola_mES_2i_3_75.counts,0.005104627,5.57E-05,0.016777883,12994,0.700598199
ola_mES_2i_3_76.counts,0.005808466,0.000238951,0.025781473,10885,0.748369344
ola_mES_2i_3_77.counts,0.006525161,9.58E-05,0.027992243,10091,0.73185689
ola_mES_2i_3_78.counts,0.006444745,0.000239976,0.030486046,10222,0.671679318
ola_mES_2i_3_79.counts,0.007144654,0.000121694,0.029440798,11783,0.747229147
ola_mES_2i_3_8.counts,0.006635175,0.000123107,0.025322223,10360,0.733372995
ola_mES_2i_3_80.counts,0.00780206,0.000160313,0.026999281,10811,0.727129095
ola_mES_2i_3_81.counts,0.006228381,2.69E-05,0.018221758,8732,0.625394219
ola_mES_2i_3_82.counts,0.006475752,0.000180022,0.030454203,10270,0.726511995
ola_mES_2i_3_83.counts,0.00733439,8.41E-05,0.02510882,11073,0.742755244
ola_mES_2i_3_84.counts,0.006606559,0.000116186,0.032259311,10971,0.758343623
ola_mES_2i_3_85.counts,0.009115805,1.06E-05,0.020294306,9166,0.589794723
ola_mES_2i_3_86.counts,0.006125679,3.28E-05,0.022101415,9401,0.601254389
ola_mES_2i_3_87.counts,0.007283153,0.000118675,0.023679846,11073,0.724973541
ola_mES_2i_3_88.counts,0.012642033,0.00011994,0.026802477,9942,0.730829793
ola_mES_2i_3_89.counts,0.006403668,0.000195695,0.018615696,9494,0.614810168
ola_mES_2i_3_9.counts,0.010078383,0.000213949,0.018920023,9048,0.601734943
ola_mES_2i_3_90.counts,0.007091077,0.000113668,0.031716525,9392,0.722123232
ola_mES_2i_3_91.counts,0.005046171,7.64E-05,0.027236965,10933,0.750290649
ola_mES_2i_3_92.counts,0.008437778,0.000117582,0.025582315,10621,0.733503996
ola_mES_2i_3_93.counts,0.002886329,6.63E-05,0.016215656,11538,0.724249154
ola_mES_2i_3_94.counts,0.007738413,1.56E-05,0.01514168,8584,0.551418406
ola_mES_2i_3_95.counts,0.007350071,8.35E-05,0.015431559,8915,0.558864776
ola_mES_2i_3_96.counts,0.007140143,0.000159359,0.017344182,8008,0.557736727
ola_mES_2i_4_1.counts,0.002877182,0.000317972,0.02810603,11797,0.875555127
ola_mES_2i_4_10.counts,0.003952022,0.000154106,0.03373595,11966,0.870623769
ola_mES_2i_4_11.counts,0.003078036,0.0002088,0.031360981,11152,0.851149162
ola_mES_2i_4_12.counts,0.00389948,0,0.037694974,1437,0.66176822
ola_mES_2i_4_13.counts,0.003187179,0.000164964,0.031287562,12073,0.870327953
ola_mES_2i_4_14.counts,0.00313433,6.74E-05,0.016944192,12079,0.806497203
ola_mES_2i_4_15.counts,0.003095546,0.000218054,0.029704201,9831,0.861820194
ola_mES_2i_4_16.counts,0.003961011,0.000130365,0.017241796,13758,0.664511164
ola_mES_2i_4_17.counts,0.003415504,0.000204612,0.032697719,11483,0.852233221
ola_mES_2i_4_18.counts,0.003561866,0.000131442,0.030876715,11769,0.852142506
ola_mES_2i_4_19.counts,0.004102401,0.000192821,0.023391347,13603,0.770872882
ola_mES_2i_4_2.counts,0.003310592,0.000138832,0.028842901,12785,0.861909076
ola_mES_2i_4_20.counts,0.003215133,0.000135256,0.032180585,11607,0.86265687
ola_mES_2i_4_21.counts,0.005430347,0.000215511,0.035139517,12474,0.848495219
ola_mES_2i_4_22.counts,0.003068625,0.000160536,0.028553024,11716,0.845822372
ola_mES_2i_4_23.counts,0.004355926,0.000232509,0.028650117,12113,0.831222296
ola_mES_2i_4_24.counts,0.003446323,0.000140123,0.032672904,11380,0.847612124
ola_mES_2i_4_25.counts,0.003821579,0.000202877,0.029698632,12086,0.848833366
ola_mES_2i_4_26.counts,0.002981858,0.000217176,0.028377834,11666,0.860083885
ola_mES_2i_4_27.counts,0.002500796,0.000215315,0.02940741,10504,0.850485555
ola_mES_2i_4_28.counts,0.005977381,0.000226571,0.030841678,12648,0.804138324
ola_mES_2i_4_29.counts,0.002894808,0.000180673,0.029970263,11674,0.856402351
ola_mES_2i_4_3.counts,0.003481696,1.59E-05,0.012788301,7253,0.801786164
ola_mES_2i_4_30.counts,0.003172387,0.0001636,0.030030093,12324,0.822269154
ola_mES_2i_4_31.counts,0.002980749,0.000323337,0.032469942,12089,0.862850592
ola_mES_2i_4_32.counts,0.003855759,0.000164555,0.028333376,12183,0.856318127
ola_mES_2i_4_33.counts,0.00258909,0.000165734,0.027991994,11832,0.856020826
ola_mES_2i_4_34.counts,0.003385272,0.000220736,0.032658902,11719,0.849308129
ola_mES_2i_4_35.counts,0.002581831,9.99E-05,0.031652163,11150,0.837023596
ola_mES_2i_4_36.counts,0.002945451,0.000168123,0.029674684,11370,0.852742267
ola_mES_2i_4_37.counts,0.003045097,0.000194955,0.031086447,12974,0.847178827
ola_mES_2i_4_38.counts,0.003479568,0.000168681,0.032060267,13299,0.85192489
ola_mES_2i_4_39.counts,0.007329641,0.000156206,0.035071744,11983,0.872130764
ola_mES_2i_4_4.counts,0.002237682,1.00E-04,0.024572941,13073,0.828816492
ola_mES_2i_4_40.counts,0.002551857,0.000181681,0.032221412,12329,0.868860215
ola_mES_2i_4_41.counts,0.002639286,9.29E-06,0.018730853,10849,0.835361049
ola_mES_2i_4_42.counts,0.003275746,0.000154569,0.03157206,11649,0.865451013
ola_mES_2i_4_43.counts,0.002150914,0.00011741,0.025100611,11903,0.837184454
ola_mES_2i_4_44.counts,0.002679546,0.000200102,0.033128178,11991,0.852282271
ola_mES_2i_4_45.counts,0.002114146,0.00012617,0.015752592,10878,0.663820953
ola_mES_2i_4_46.counts,0.002517856,0.000177983,0.02990852,11564,0.854803066
ola_mES_2i_4_47.counts,0.002620806,0.000106661,0.021132517,10280,0.81562246
ola_mES_2i_4_48.counts,0.003339167,0.000182926,0.0214364,13582,0.752181235
ola_mES_2i_4_49.counts,0.00335719,0.000225378,0.027745259,11665,0.856571182
ola_mES_2i_4_5.counts,0.004665099,0.000171913,0.029101902,12234,0.851782149
ola_mES_2i_4_50.counts,0.002969425,0.000145639,0.029129412,12061,0.846683804
ola_mES_2i_4_51.counts,0.008244268,9.54E-05,0.014581325,9384,0.774507543
ola_mES_2i_4_52.counts,0.003292369,0.000145246,0.030449543,12465,0.858631352
ola_mES_2i_4_53.counts,0.003023893,0.000172575,0.031378731,11830,0.834528465
ola_mES_2i_4_54.counts,0.002869088,0.000193753,0.0315171,12360,0.860228389
ola_mES_2i_4_55.counts,0.006815802,5.12E-06,0.016219495,10123,0.818497514
ola_mES_2i_4_56.counts,0.002255422,0.000133441,0.026374922,12707,0.844211967
ola_mES_2i_4_57.counts,0.002372354,0.000176507,0.029433563,12227,0.859640797
ola_mES_2i_4_58.counts,0.004048204,0.000208014,0.026579318,11576,0.827754194
ola_mES_2i_4_59.counts,0.003360784,0.000204197,0.034394362,11657,0.837446588
ola_mES_2i_4_6.counts,0.002984732,0.000157972,0.031966728,11718,0.837745833
ola_mES_2i_4_60.counts,0.003184491,0.000140341,0.025509029,11109,0.841718389
ola_mES_2i_4_61.counts,0.002458992,0.000187665,0.0333947,11882,0.853199438
ola_mES_2i_4_62.counts,0.003374646,0.000158244,0.033894228,11965,0.838523308
ola_mES_2i_4_63.counts,0.002931385,0.000212073,0.028527605,11412,0.84785789
ola_mES_2i_4_64.counts,0.004753158,0.000142383,0.027517939,11273,0.866153998
ola_mES_2i_4_65.counts,0.002819169,0.000161242,0.032180201,11536,0.853117777
ola_mES_2i_4_66.counts,0.003330825,0.00019388,0.02829586,11788,0.831519138
ola_mES_2i_4_67.counts,0.003909356,0.000185761,0.029357594,11621,0.841059188
ola_mES_2i_4_68.counts,0.002282354,8.89E-05,0.02213498,12032,0.841003874
ola_mES_2i_4_69.counts,0.003651422,0.000174119,0.029835608,11739,0.856796444
ola_mES_2i_4_7.counts,0.002730556,0.000175441,0.032199879,11804,0.867710256
ola_mES_2i_4_70.counts,0.004550172,0.00016757,0.029997538,11859,0.834069729
ola_mES_2i_4_71.counts,0.003926382,0.000168113,0.030293813,11436,0.837057101
ola_mES_2i_4_72.counts,0.002924711,0.000189301,0.02977689,11252,0.857949377
ola_mES_2i_4_73.counts,0.003801742,0.000125414,0.027926509,11379,0.828457119
ola_mES_2i_4_74.counts,0.004387684,0.000144422,0.027935381,8794,0.807066597
ola_mES_2i_4_75.counts,0.002736052,0.000124523,0.028581542,10119,0.838948227
ola_mES_2i_4_76.counts,0.004867334,2.76E-06,0.012918949,8474,0.790622325
ola_mES_2i_4_77.counts,0.004790417,0.000204381,0.03331317,11417,0.827111023
ola_mES_2i_4_78.counts,0.003326387,0.000165054,0.031118947,11753,0.851059627
ola_mES_2i_4_79.counts,0.002964467,4.59E-05,0.017623144,13531,0.558722635
ola_mES_2i_4_8.counts,0.00458075,0.000138447,0.022400236,9998,0.690005103
ola_mES_2i_4_80.counts,0.004971081,0.00016794,0.02558951,11698,0.829429436
ola_mES_2i_4_81.counts,0.003198409,0.000187614,0.031322029,11696,0.848423333
ola_mES_2i_4_82.counts,0.001795808,0.000147208,0.027418041,11653,0.836196463
ola_mES_2i_4_83.counts,0.004738911,0.000158064,0.032379807,11626,0.855011062
ola_mES_2i_4_84.counts,0.003156777,0.000128848,0.02902342,11222,0.863835138
ola_mES_2i_4_85.counts,0.007973441,2.68E-05,0.013642892,9449,0.812253174
ola_mES_2i_4_86.counts,0.010995868,1.83E-06,0.017553738,9595,0.822450663
ola_mES_2i_4_87.counts,0.003594372,0.000202394,0.031899582,8552,0.865038157
ola_mES_2i_4_88.counts,0.003731791,0.000133946,0.034029228,11937,0.837314899
ola_mES_2i_4_89.counts,0.004284846,0.000209859,0.031811765,11339,0.828835495
ola_mES_2i_4_9.counts,0.003719449,0.000174618,0.031134162,12022,0.845773131
ola_mES_2i_4_90.counts,0.003504385,0.00013236,0.024089493,11557,0.843807588
ola_mES_2i_4_91.counts,0.004609229,0.000108077,0.026704694,11711,0.846057804
ola_mES_2i_4_92.counts,0.008757714,0.000350921,0.026747842,12509,0.72193064
ola_mES_2i_4_93.counts,0.006880314,8.45E-05,0.01681887,9749,0.817704026
ola_mES_2i_4_94.counts,0.004240688,0.00013198,0.031266458,11125,0.820494066
ola_mES_2i_4_95.counts,0.004453372,0.000172319,0.02928563,10172,0.833337693
ola_mES_2i_4_96.counts,0.004626079,0.000150744,0.029064786,11027,0.825311971
ola_mES_2i_5_1.counts,0.003659699,0.000356065,0.031803479,9670,0.877162879
ola_mES_2i_5_10.counts,0.003428984,0.000209483,0.032727317,10842,0.863806855
ola_mES_2i_5_11.counts,0.003406433,0.000154516,0.030403593,11114,0.857350168
ola_mES_2i_5_12.counts,0.003379189,0.000127104,0.028740234,11366,0.851303105
ola_mES_2i_5_13.counts,0.004832875,0.00026215,0.030254022,11467,0.846149988
ola_mES_2i_5_14.counts,0.005008674,0.000158966,0.034078762,11022,0.858299631
ola_mES_2i_5_15.counts,0.003796143,0.00021516,0.029814169,11062,0.861284936
ola_mES_2i_5_16.counts,0.003860732,0.000211767,0.029946222,10687,0.838456204
ola_mES_2i_5_17.counts,0.00385061,0.000247234,0.030031339,11309,0.856861708
ola_mES_2i_5_18.counts,0.004236307,0.000204859,0.032374356,11393,0.846556926
ola_mES_2i_5_19.counts,0.005172109,0.00017751,0.031698747,11166,0.854087964
ola_mES_2i_5_2.counts,0.002375681,0.000184105,0.027865007,10614,0.87410589
ola_mES_2i_5_20.counts,0.003465154,0.000199814,0.032530964,11494,0.862386259
ola_mES_2i_5_21.counts,0.003403837,0.00024343,0.036322477,11356,0.849669
ola_mES_2i_5_22.counts,0.002038259,5.92E-05,0.020996079,12171,0.771593244
ola_mES_2i_5_23.counts,0.003689289,0.000173086,0.028045331,11520,0.852898635
ola_mES_2i_5_24.counts,0.003254915,0.000207319,0.034818176,11240,0.863688577
ola_mES_2i_5_25.counts,0.00355652,0.000176486,0.030288391,11266,0.870095696
ola_mES_2i_5_26.counts,0.004182841,0.000210707,0.034486081,11257,0.863044025
ola_mES_2i_5_27.counts,0.004016472,0.000165153,0.030480631,11541,0.85945698
ola_mES_2i_5_28.counts,0.004437001,0.000183927,0.034335087,10060,0.853614412
ola_mES_2i_5_29.counts,0.004540652,0.000206723,0.034139513,10426,0.853132817
ola_mES_2i_5_3.counts,0.003571579,0.000243846,0.028825544,11303,0.848266621
ola_mES_2i_5_30.counts,0.002886189,0.000217939,0.030471438,10786,0.832834761
ola_mES_2i_5_31.counts,0.002613789,0.000114874,0.028996236,11565,0.873536754
ola_mES_2i_5_32.counts,0.002958492,0.000201914,0.033745817,11534,0.846164947
ola_mES_2i_5_33.counts,0.006351054,0.000213123,0.022674915,12693,0.708232245
ola_mES_2i_5_34.counts,0.002915225,0.000125641,0.031904922,11445,0.847182061
ola_mES_2i_5_35.counts,0.003334307,0.000226666,0.028555166,11971,0.849606352
ola_mES_2i_5_36.counts,0.002943456,0.000231193,0.032673334,10966,0.865771713
ola_mES_2i_5_37.counts,0.002816186,0.000170585,0.026381902,11491,0.80950457
ola_mES_2i_5_38.counts,0.002842823,0.000240795,0.033466014,11428,0.844525462
ola_mES_2i_5_39.counts,0.002781285,0.000294991,0.035537402,10915,0.859997984
ola_mES_2i_5_4.counts,0.004766134,0.00019664,0.032334978,11123,0.850149828
ola_mES_2i_5_40.counts,0.004171146,0.000209977,0.03107253,11475,0.850543001
ola_mES_2i_5_41.counts,0.003792292,0.000297557,0.03177996,11079,0.852485936
ola_mES_2i_5_42.counts,0.002680758,0.000181703,0.032405866,10949,0.860684326
ola_mES_2i_5_43.counts,0.00181363,0.000143693,0.027371317,10061,0.859239449
ola_mES_2i_5_44.counts,0.003638151,0.000224974,0.032656341,11312,0.849603147
ola_mES_2i_5_45.counts,0.001852464,0.000120153,0.029243429,10967,0.855955074
ola_mES_2i_5_46.counts,0.003239712,0.00022254,0.030662872,11383,0.86309154
ola_mES_2i_5_47.counts,0.003648666,0.000190809,0.029757349,11314,0.850430986
ola_mES_2i_5_48.counts,0.003582247,0.000256564,0.030485829,11713,0.841048773
ola_mES_2i_5_49.counts,0.003574747,0.000211041,0.032924952,12064,0.84088683
ola_mES_2i_5_5.counts,0.007323261,0.000173136,0.035286277,10809,0.847418655
ola_mES_2i_5_50.counts,0.004177144,0.000141022,0.019189208,13040,0.712191369
ola_mES_2i_5_51.counts,0.003612916,0.000201196,0.036134958,11132,0.856165521
ola_mES_2i_5_52.counts,0.00237267,0.000164209,0.029034222,10830,0.700623719
ola_mES_2i_5_53.counts,0.002955084,0.000196442,0.033712996,11907,0.858807464
ola_mES_2i_5_54.counts,0.002133515,0.000187203,0.027878024,11798,0.864240331
ola_mES_2i_5_55.counts,0.002472079,0.000168143,0.033949053,11451,0.866891139
ola_mES_2i_5_56.counts,0.003750221,0.000157699,0.029811236,11647,0.846830968
ola_mES_2i_5_57.counts,0.003929461,0.000202707,0.02944562,11107,0.829711914
ola_mES_2i_5_58.counts,0.00228022,0.000259986,0.033539654,11714,0.85365203
ola_mES_2i_5_59.counts,0.002372245,0.000186498,0.032044561,11497,0.867577616
ola_mES_2i_5_6.counts,0.00421969,0.000200915,0.029701485,11387,0.856072447
ola_mES_2i_5_60.counts,0.001212284,0,0.037850216,2755,0.639513702
ola_mES_2i_5_61.counts,0.003645941,0.000251675,0.030103946,11893,0.851058489
ola_mES_2i_5_62.counts,0.004229182,0.00019072,0.027876396,11690,0.851203979
ola_mES_2i_5_63.counts,0.003728854,0.000192967,0.030364239,11172,0.857904868
ola_mES_2i_5_64.counts,0.001935074,0.000296011,0.027782056,12132,0.808762449
ola_mES_2i_5_65.counts,0.002937128,0.000262931,0.031341334,11931,0.857720283
ola_mES_2i_5_66.counts,0.003053984,0.00020513,0.029189192,10912,0.735701872
ola_mES_2i_5_67.counts,0.002812184,0.000150926,0.033016097,11995,0.85562904
ola_mES_2i_5_68.counts,0.003126582,0.000119493,0.030253765,11156,0.866164539
ola_mES_2i_5_69.counts,0.004484191,0.000275657,0.031957465,11087,0.843184675
ola_mES_2i_5_7.counts,0.00211114,0.00022646,0.031424045,10623,0.852795561
ola_mES_2i_5_70.counts,0.003701784,0.000230785,0.034943148,11405,0.85920693
ola_mES_2i_5_71.counts,0.00322187,0.000195182,0.031067985,10742,0.81899316
ola_mES_2i_5_72.counts,0.002909312,0.000253027,0.033297571,11704,0.834230588
ola_mES_2i_5_73.counts,0.004320663,0.000181547,0.029022944,11915,0.844111451
ola_mES_2i_5_74.counts,0.002316541,0.000113268,0.025966335,11352,0.860309205
ola_mES_2i_5_75.counts,0.002015357,7.90E-05,0.023347073,11251,0.856827272
ola_mES_2i_5_76.counts,0.00361752,0.000186419,0.031176413,11432,0.860264948
ola_mES_2i_5_77.counts,0.003550233,0.000205109,0.033034152,11575,0.848839937
ola_mES_2i_5_78.counts,0.002614672,0.000216741,0.032593226,10745,0.853218647
ola_mES_2i_5_79.counts,0.002674414,1.72E-05,0.016736916,10698,0.523525787
ola_mES_2i_5_8.counts,0.00374678,0.000177084,0.032065344,10972,0.865097182
ola_mES_2i_5_80.counts,0.002331892,1.67E-05,0.022261645,10451,0.837212749
ola_mES_2i_5_81.counts,0.003506395,0.000170131,0.031365468,12201,0.83968133
ola_mES_2i_5_82.counts,0.002104706,0.000185489,0.02989606,10954,0.867355987
ola_mES_2i_5_83.counts,0.006248615,0.000195012,0.029152529,11658,0.843611374
ola_mES_2i_5_84.counts,0.002846314,0.000154691,0.02682342,6468,0.78694842
ola_mES_2i_5_85.counts,0.003799439,0.00019736,0.028859298,10767,0.857273982
ola_mES_2i_5_86.counts,0.001793161,0.000242584,0.027686498,10830,0.84221009
ola_mES_2i_5_87.counts,0.003893118,0.000250155,0.032179951,11353,0.856333953
ola_mES_2i_5_88.counts,0.004915738,0.000234963,0.029245171,11724,0.833034431
ola_mES_2i_5_89.counts,0.003959545,0.000208641,0.024226714,12330,0.788479539
ola_mES_2i_5_9.counts,0.004012108,0.000225167,0.030002214,10519,0.836083809
ola_mES_2i_5_90.counts,0.004697073,0.000235692,0.033181488,10934,0.844371984
ola_mES_2i_5_91.counts,0.007798156,0.000198263,0.026360107,12877,0.779736911
ola_mES_2i_5_92.counts,0.003069692,0.000126493,0.026217683,11278,0.862661106
ola_mES_2i_5_93.counts,0.005757293,0.000183509,0.02161702,12134,0.739581842
ola_mES_2i_5_94.counts,0.003587134,0.000181119,0.029501426,11415,0.853074281
ola_mES_2i_5_95.counts,0.004347388,0.0001773,0.030566775,10499,0.843403807
ola_mES_2i_5_96.counts,0.004026124,0.000166157,0.028564839,12261,0.850961647
ola_mES_a2i_2_1.counts,0.005165853,0.000151986,0.026813981,10040,0.836180228
ola_mES_a2i_2_10.counts,0.006566098,0.000221506,0.026814804,11422,0.839672558
ola_mES_a2i_2_11.counts,0.006593918,0.000160526,0.027019614,10942,0.840978647
ola_mES_a2i_2_12.counts,0.007176748,0.000247682,0.026514865,11401,0.847445817
ola_mES_a2i_2_13.counts,0.01288855,0.000152958,0.021484256,13102,0.755885804
ola_mES_a2i_2_14.counts,0.006642314,0.000207962,0.028866336,11157,0.833670377
ola_mES_a2i_2_15.counts,0.006080907,0.000270105,0.02598472,10019,0.840105751
ola_mES_a2i_2_16.counts,0.006628388,0.00015707,0.029677167,10710,0.851123576
ola_mES_a2i_2_17.counts,0.008090064,0.000206233,0.030721812,11316,0.838858981
ola_mES_a2i_2_18.counts,0.004820487,0.000163971,0.027062118,11113,0.845622959
ola_mES_a2i_2_19.counts,0.004476849,0.000144132,0.027764999,10459,0.841347035
ola_mES_a2i_2_2.counts,0.00431445,0.00037776,0.03268396,9819,0.828253767
ola_mES_a2i_2_20.counts,0.006033609,0.000184772,0.029027567,10924,0.854532653
ola_mES_a2i_2_21.counts,0.005101975,0.000117172,0.026054966,10684,0.845724242
ola_mES_a2i_2_22.counts,0.006757719,0.000170261,0.027743717,11060,0.855107075
ola_mES_a2i_2_23.counts,0.008540432,0.000131018,0.023481211,11940,0.81940562
ola_mES_a2i_2_24.counts,0.004409643,0.000143812,0.024710813,11583,0.841482539
ola_mES_a2i_2_25.counts,0.00222845,9.81E-05,0.022743345,10312,0.820005446
ola_mES_a2i_2_26.counts,0.00664003,0.000255182,0.028284623,11740,0.828319683
ola_mES_a2i_2_27.counts,0.004985367,0.000177122,0.027638568,11470,0.860466833
ola_mES_a2i_2_28.counts,0.006552956,0.000153442,0.026737764,11418,0.836223908
ola_mES_a2i_2_29.counts,0.005230975,0.000154804,0.02728225,11069,0.85523756
ola_mES_a2i_2_3.counts,0.005443485,0.000177673,0.027432665,10865,0.847143629
ola_mES_a2i_2_30.counts,0.004268904,0.000353483,0.028821879,10647,0.829960711
ola_mES_a2i_2_31.counts,0.003329494,0.000225929,0.030180357,9404,0.869622359
ola_mES_a2i_2_32.counts,0.005013669,0.000165084,0.028304379,11533,0.836317968
ola_mES_a2i_2_33.counts,0.004865818,0.000200369,0.029688461,10752,0.847732259
ola_mES_a2i_2_34.counts,0.004455089,0.000195752,0.026613684,11632,0.846208397
ola_mES_a2i_2_35.counts,0.004525438,0.000250723,0.031569262,11244,0.83781118
ola_mES_a2i_2_36.counts,0.00338429,0.000449249,0.031652185,10403,0.835278273
ola_mES_a2i_2_37.counts,0.004771823,0.00016358,0.028062811,11765,0.828206185
ola_mES_a2i_2_38.counts,0.005342612,0.000267842,0.032871275,11164,0.819543484
ola_mES_a2i_2_39.counts,0.006018099,0.000194095,0.028792863,10886,0.834970693
ola_mES_a2i_2_4.counts,0.005596337,0.000219667,0.029185103,11023,0.825383877
ola_mES_a2i_2_40.counts,0.004909759,0.000217211,0.029912491,11239,0.83519475
ola_mES_a2i_2_41.counts,0.003149869,0.000320775,0.026755963,10859,0.838846715
ola_mES_a2i_2_42.counts,0.007375674,0.000166952,0.032278171,10664,0.844501685
ola_mES_a2i_2_43.counts,0.005446156,0.000285887,0.032829055,11774,0.805577738
ola_mES_a2i_2_44.counts,0.003756785,0.000305621,0.030565914,9933,0.84462753
ola_mES_a2i_2_45.counts,0.005194729,0.000204454,0.029849323,11271,0.822312358
ola_mES_a2i_2_46.counts,0.00470286,0.000199099,0.030991591,9899,0.83462546
ola_mES_a2i_2_47.counts,0.004604,0.000192888,0.023862268,10797,0.835168003
ola_mES_a2i_2_48.counts,0.005450257,0.000233939,0.029388447,11469,0.809644383
ola_mES_a2i_2_49.counts,0.005703484,0.000191903,0.02727942,9754,0.827010168
ola_mES_a2i_2_5.counts,0.004951018,0.000233832,0.031282914,10717,0.846503748
ola_mES_a2i_2_50.counts,0.005476183,0.000169288,0.024530463,11014,0.838640029
ola_mES_a2i_2_51.counts,0.004691184,0.000195373,0.026523775,11194,0.833693769
ola_mES_a2i_2_52.counts,0.006583569,0.000192952,0.032112922,11312,0.823782414
ola_mES_a2i_2_53.counts,0.005310309,0.000176366,0.028803282,11455,0.833307483
ola_mES_a2i_2_54.counts,0.004254722,0.000173724,0.028865591,10766,0.845195008
ola_mES_a2i_2_55.counts,0.004703553,0.000165663,0.030725063,10064,0.83721148
ola_mES_a2i_2_56.counts,0.006664993,0.000222406,0.030304286,11948,0.827091537
ola_mES_a2i_2_57.counts,0.005556887,0.000235786,0.027861653,10445,0.829280965
ola_mES_a2i_2_58.counts,0.004397206,6.53E-06,0.015517627,7487,0.660301078
ola_mES_a2i_2_59.counts,0.003878071,0.000181648,0.025675018,10494,0.851744567
ola_mES_a2i_2_6.counts,0.009267532,0.000243625,0.026775604,12008,0.83026278
ola_mES_a2i_2_60.counts,0.003288114,0.000189216,0.030079528,11789,0.852444244
ola_mES_a2i_2_61.counts,0.004743266,0.00023389,0.031788139,11572,0.849105744
ola_mES_a2i_2_62.counts,0.003809163,0.000144466,0.023086089,10003,0.850443915
ola_mES_a2i_2_63.counts,0.005316959,0.000191967,0.028758535,11757,0.824232553
ola_mES_a2i_2_64.counts,0.003480744,0.000195128,0.029066835,11370,0.84566988
ola_mES_a2i_2_65.counts,0.00630896,0.000227759,0.027636158,11701,0.821073983
ola_mES_a2i_2_66.counts,0.003796835,0.000222853,0.02786068,10489,0.824213831
ola_mES_a2i_2_67.counts,0.005790643,0.000167606,0.027769997,11643,0.815979311
ola_mES_a2i_2_68.counts,0.00410398,0.00016282,0.02740508,10855,0.845413021
ola_mES_a2i_2_69.counts,0.003934342,0.000132406,0.03044472,10752,0.866703291
ola_mES_a2i_2_7.counts,0.008732636,0.000254798,0.029270728,11223,0.849304448
ola_mES_a2i_2_70.counts,0.003713709,0.000183358,0.027771287,11538,0.823832139
ola_mES_a2i_2_71.counts,0.006145693,0.000298469,0.028729148,10870,0.832555516
ola_mES_a2i_2_72.counts,0.006336341,0.000201428,0.026040705,11701,0.828189728
ola_mES_a2i_2_73.counts,0.008054292,0.000122288,0.026109723,10507,0.835066178
ola_mES_a2i_2_74.counts,0.009489353,0.000160618,0.02938734,11144,0.833895873
ola_mES_a2i_2_75.counts,0.004008157,0.000221392,0.029752601,11199,0.839424526
ola_mES_a2i_2_76.counts,0.007638211,0.000445696,0.026712481,10954,0.831338803
ola_mES_a2i_2_77.counts,0.005962428,0.000187753,0.027579141,11180,0.831288953
ola_mES_a2i_2_78.counts,0.004320435,0.000219618,0.026769518,10989,0.828685816
ola_mES_a2i_2_79.counts,0.008467312,1.97E-05,0.011037128,7978,0.646647857
ola_mES_a2i_2_8.counts,0.007690589,0.000199562,0.022511447,9413,0.821394474
ola_mES_a2i_2_80.counts,0.004876264,0.000275249,0.026394734,10190,0.827095016
ola_mES_a2i_2_81.counts,0.005118827,0.00012995,0.023739325,10539,0.847112131
ola_mES_a2i_2_82.counts,0.003924117,0.000208091,0.033360482,10059,0.841435743
ola_mES_a2i_2_83.counts,0.007406718,0.000148147,0.024849371,10458,0.821605566
ola_mES_a2i_2_84.counts,0.00389617,0.000235054,0.029452663,11612,0.836644684
ola_mES_a2i_2_85.counts,0.004521731,8.70E-05,0.020153944,10147,0.746468182
ola_mES_a2i_2_86.counts,0.01005994,8.05E-05,0.023093118,8256,0.839571956
ola_mES_a2i_2_87.counts,0.005589216,0.000208698,0.027567827,10395,0.830498177
ola_mES_a2i_2_88.counts,0.005956552,0.000236861,0.027672325,10520,0.825330081
ola_mES_a2i_2_89.counts,0.009889086,0.000227842,0.02962806,10972,0.805253093
ola_mES_a2i_2_9.counts,0.005292037,0.000274172,0.030322788,10056,0.860426937
ola_mES_a2i_2_90.counts,0.007278381,0.00011116,0.03113012,10116,0.826631927
ola_mES_a2i_2_91.counts,0.005342485,0.000197235,0.032402829,10982,0.847235977
ola_mES_a2i_2_92.counts,0.006333606,0.000230901,0.026054347,11502,0.834331556
ola_mES_a2i_2_93.counts,0.00728608,0.000259244,0.026470132,12510,0.783204952
ola_mES_a2i_2_94.counts,0.005792805,0.000199823,0.026540125,10303,0.810662426
ola_mES_a2i_2_95.counts,0.005024844,0.000176145,0.029268802,11316,0.830167079
ola_mES_a2i_2_96.counts,0.009860359,0.00019993,0.028852256,11623,0.821219248
ola_mES_a2i_3_1.counts,0.003381825,2.18E-05,0.015293996,8000,0.667335031
ola_mES_a2i_3_10.counts,0.008836581,0.000187832,0.03420209,10002,0.776412982
ola_mES_a2i_3_11.counts,0.004171025,0.00016464,0.024929514,10962,0.786972217
ola_mES_a2i_3_12.counts,0.003648366,0.000269875,0.028313625,10764,0.769918396
ola_mES_a2i_3_13.counts,0.002631519,0.000181236,0.032544559,11199,0.813614716
ola_mES_a2i_3_14.counts,0.003157559,0.000212946,0.027575929,10081,0.744058294
ola_mES_a2i_3_15.counts,0.001146531,3.77E-07,0.004172499,7689,0.544363086
ola_mES_a2i_3_16.counts,0.006022663,0.000126143,0.029367993,9523,0.736447783
ola_mES_a2i_3_17.counts,0.003378483,0.000434632,0.028468802,9768,0.780218825
ola_mES_a2i_3_18.counts,0.008305698,0.000197935,0.030400384,10067,0.775606177
ola_mES_a2i_3_19.counts,0.003780292,0.000288408,0.027987558,11125,0.785278414
ola_mES_a2i_3_2.counts,0.004445014,0.000187539,0.027286732,9922,0.771967329
ola_mES_a2i_3_20.counts,0.004378536,0.000370804,0.032570369,10063,0.796585965
ola_mES_a2i_3_21.counts,0.00605166,0.000149372,0.026888823,9855,0.759621115
ola_mES_a2i_3_22.counts,0.003331012,0.000233791,0.03037186,8890,0.762614797
ola_mES_a2i_3_23.counts,0.005460217,0.000160576,0.028115378,8643,0.705015508
ola_mES_a2i_3_24.counts,0.004289342,0.000278823,0.025549658,10933,0.80918878
ola_mES_a2i_3_25.counts,0.003456531,0.00014846,0.030543655,10364,0.781717951
ola_mES_a2i_3_26.counts,0.006123414,0.000195468,0.026796664,9757,0.741486788
ola_mES_a2i_3_27.counts,0.005477895,0.000196779,0.028027678,11508,0.807332473
ola_mES_a2i_3_28.counts,0.00592681,0.000231508,0.027688795,9749,0.760431202
ola_mES_a2i_3_29.counts,0.00385971,0.000161876,0.030132725,9614,0.775191509
ola_mES_a2i_3_3.counts,0.005727821,0.000191795,0.02880884,10216,0.790381914
ola_mES_a2i_3_30.counts,0.003759022,0.000245609,0.024511729,9830,0.782446965
ola_mES_a2i_3_31.counts,0.00307998,0.000253332,0.026904661,11037,0.781379654
ola_mES_a2i_3_32.counts,0.001954123,6.51E-05,0.009170882,10565,0.599999568
ola_mES_a2i_3_33.counts,0.006131783,0.000172248,0.028609757,9643,0.765954027
ola_mES_a2i_3_34.counts,0.003048298,0.000232081,0.034831893,9384,0.743619859
ola_mES_a2i_3_35.counts,0.001594437,0,0.005674941,6834,0.47090056
ola_mES_a2i_3_36.counts,0.002336604,0.000179022,0.030983922,9566,0.74578507
ola_mES_a2i_3_37.counts,0.004601916,0.000213634,0.030315658,11340,0.8138714
ola_mES_a2i_3_38.counts,0.003630822,0.000218657,0.029733259,9718,0.767284594
ola_mES_a2i_3_39.counts,0.003611227,0.000158852,0.033236964,9807,0.776019464
ola_mES_a2i_3_4.counts,0.006614607,0.000199821,0.026150718,10083,0.777664723
ola_mES_a2i_3_40.counts,0.003730846,0.000355735,0.027783865,9393,0.755197408
ola_mES_a2i_3_41.counts,0.004240631,0.000104289,0.031068329,9646,0.750037299
ola_mES_a2i_3_42.counts,0.001983858,0.000243399,0.030746551,9405,0.759331165
ola_mES_a2i_3_43.counts,0.003860064,2.74E-06,0.020849892,8187,0.625218929
ola_mES_a2i_3_44.counts,0.003029483,0.00020015,0.032304924,9865,0.757985064
ola_mES_a2i_3_45.counts,0.004748191,0.000183825,0.024188199,9772,0.756961991
ola_mES_a2i_3_46.counts,0.005008237,0.00019022,0.024416753,10773,0.74093464
ola_mES_a2i_3_47.counts,0.001068149,0.000185565,0.03065022,9867,0.797334586
ola_mES_a2i_3_48.counts,0.001355988,1.10E-06,0.00132254,5366,0.463921042
ola_mES_a2i_3_49.counts,0.003632838,0.000205548,0.029053206,10422,0.75246357
ola_mES_a2i_3_5.counts,0.001011789,7.88E-07,0.002873891,7067,0.492949211
ola_mES_a2i_3_50.counts,0.00360882,0.000238523,0.033791472,10448,0.794209369
ola_mES_a2i_3_51.counts,0.004495092,0.000122749,0.020265024,8969,0.68242952
ola_mES_a2i_3_52.counts,0.003766707,0.000257279,0.027204708,10697,0.789223375
ola_mES_a2i_3_53.counts,0.002912095,0.000239678,0.026757582,9682,0.752812826
ola_mES_a2i_3_54.counts,0.005842578,0.000171486,0.028242439,8581,0.705850678
ola_mES_a2i_3_55.counts,0.00532819,0.000256383,0.024409152,11004,0.716114829
ola_mES_a2i_3_56.counts,0.003652773,0.000258254,0.029632153,10524,0.772829618
ola_mES_a2i_3_57.counts,0.003871237,5.52E-07,0.006333999,7291,0.520291854
ola_mES_a2i_3_58.counts,0.004936483,0.0002096,0.025542042,10790,0.770228864
ola_mES_a2i_3_59.counts,0.004969291,0.000384502,0.026625814,9729,0.767014849
ola_mES_a2i_3_6.counts,0.004009383,0.000204409,0.025081661,9279,0.749727588
ola_mES_a2i_3_60.counts,0.001554865,0.000222124,0.030875167,2015,0.54158015
ola_mES_a2i_3_61.counts,0.00240715,6.43E-05,0.010023765,11454,0.564102936
ola_mES_a2i_3_62.counts,0.005200898,0.000153392,0.025182471,10912,0.787475689
ola_mES_a2i_3_63.counts,0.003811398,0.000195653,0.025866484,10163,0.767326498
ola_mES_a2i_3_64.counts,0.002916822,0.000202156,0.026290342,10373,0.777914006
ola_mES_a2i_3_65.counts,0.00177655,0.000333156,0.036421661,9655,0.752863924
ola_mES_a2i_3_66.counts,0.004266869,0.000246286,0.026112286,10494,0.789928987
ola_mES_a2i_3_67.counts,0.003390098,0.000207898,0.027923991,10427,0.752359169
ola_mES_a2i_3_68.counts,0.006618478,0.000175682,0.026419011,9962,0.761733964
ola_mES_a2i_3_69.counts,0.002966251,0.000209969,0.030165235,9837,0.742436538
ola_mES_a2i_3_7.counts,0.006358124,0.000174459,0.025255179,10390,0.786587989
ola_mES_a2i_3_70.counts,0.003225191,0.00036569,0.031938838,9072,0.748139012
ola_mES_a2i_3_71.counts,0.004042214,0.000232944,0.033459473,9777,0.753525126
ola_mES_a2i_3_72.counts,0.002537406,0.00014675,0.017172112,10221,0.671051316
ola_mES_a2i_3_73.counts,0.004314644,0.000187695,0.030259108,11578,0.787545218
ola_mES_a2i_3_74.counts,0.007293256,2.60E-05,0.007447313,8168,0.515668575
ola_mES_a2i_3_75.counts,0.005184876,0.000267509,0.023512743,10543,0.773392185
ola_mES_a2i_3_76.counts,0.004258941,0.000172576,0.0281659,10677,0.80507259
ola_mES_a2i_3_77.counts,0.002806703,0.000214271,0.028586648,10470,0.772010963
ola_mES_a2i_3_78.counts,0.002552953,1.46E-06,0.00790075,6848,0.504550801
ola_mES_a2i_3_79.counts,0.003929054,0.000114816,0.012049599,11116,0.59464041
ola_mES_a2i_3_8.counts,0.003217351,0.000159808,0.030180778,9204,0.737842937
ola_mES_a2i_3_80.counts,0.006542415,0.00016956,0.02770126,10489,0.764417673
ola_mES_a2i_3_81.counts,0.004297522,0.000207606,0.027887553,11370,0.776122921
ola_mES_a2i_3_82.counts,0.00379858,0.000320677,0.031585338,9710,0.76891708
ola_mES_a2i_3_83.counts,0.003374364,0.000200838,0.028133055,11342,0.809835589
ola_mES_a2i_3_84.counts,0.003765328,0.00026356,0.03246508,11044,0.784476815
ola_mES_a2i_3_85.counts,0.004999371,0.000172003,0.0271213,11360,0.758805637
ola_mES_a2i_3_86.counts,0.004325701,0.000222599,0.024242477,10508,0.722893563
ola_mES_a2i_3_87.counts,0.001404734,6.26E-06,0.006750734,12849,0.521084802
ola_mES_a2i_3_88.counts,0.001577735,1.06E-06,0.004453166,5743,0.487190845
ola_mES_a2i_3_89.counts,0.003876893,0.000265422,0.028708648,9917,0.766226396
ola_mES_a2i_3_9.counts,0.004723013,0.000279698,0.031759873,9652,0.783589825
ola_mES_a2i_3_90.counts,0.008547073,0.000195214,0.029072177,9770,0.751317559
ola_mES_a2i_3_91.counts,0.004396113,0.000218143,0.025125339,10456,0.741322312
ola_mES_a2i_3_92.counts,0.004946074,0.000246781,0.029077293,10961,0.783313795
ola_mES_a2i_3_93.counts,0.004011959,8.42E-05,0.012853602,10615,0.581780149
ola_mES_a2i_3_94.counts,0.004052012,0.000119339,0.025775084,9518,0.699060448
ola_mES_a2i_3_95.counts,0.010792172,0.00010433,0.023741087,12572,0.753062038
ola_mES_a2i_3_96.counts,0.005869753,0.000230112,0.028085493,11365,0.801367671
ola_mES_lif_1_1.counts,0.005744349,0.000224761,0.02572258,12368,0.794341738
ola_mES_lif_1_10.counts,0.0035806,0.000429836,0.033333658,11120,0.811763615
ola_mES_lif_1_11.counts,0.004844395,0.000226085,0.029964183,11774,0.824742913
ola_mES_lif_1_12.counts,0.006153965,0.000212352,0.02742224,12847,0.82867745
ola_mES_lif_1_13.counts,0.004441756,0.000351024,0.032986821,10773,0.818382002
ola_mES_lif_1_14.counts,0.003587614,0.000239072,0.028652792,11214,0.825345609
ola_mES_lif_1_15.counts,0.004979417,0.000301329,0.025910502,12358,0.790598849
ola_mES_lif_1_16.counts,0.005920369,5.23E-05,0.008227091,7612,0.056813988
ola_mES_lif_1_17.counts,0.004703396,0.000289138,0.032649339,11614,0.804116891
ola_mES_lif_1_18.counts,0.004515339,0.000230509,0.030772882,10606,0.809547473
ola_mES_lif_1_19.counts,0.005261359,0.000344649,0.030051339,12328,0.809922822
ola_mES_lif_1_2.counts,0.004038168,0.000270976,0.025698057,11673,0.81919447
ola_mES_lif_1_20.counts,0.004473787,0.000371537,0.027151907,12426,0.798288481
ola_mES_lif_1_21.counts,0.00427859,0.0003898,0.031361307,12137,0.801718287
ola_mES_lif_1_22.counts,0.00586434,0.000330912,0.030736612,11839,0.78507718
ola_mES_lif_1_23.counts,0.005951712,0.000306177,0.029364161,11619,0.816743107
ola_mES_lif_1_24.counts,0.004797151,0.000271464,0.029113364,12407,0.791409552
ola_mES_lif_1_25.counts,0.006020745,0.000280991,0.029521174,12563,0.797065769
ola_mES_lif_1_26.counts,0.004161408,0.00030379,0.028381868,12719,0.790218363
ola_mES_lif_1_27.counts,0.009344072,0.000361102,0.026013098,13633,0.742592244
ola_mES_lif_1_28.counts,0.00707961,0.000278657,0.027828967,12696,0.768724073
ola_mES_lif_1_29.counts,0.004428717,0.000221224,0.02960417,10711,0.750525862
ola_mES_lif_1_3.counts,0.004533562,0.000331235,0.028696056,12091,0.823012588
ola_mES_lif_1_30.counts,0.003801537,0.000376596,0.031167244,12024,0.788623444
ola_mES_lif_1_31.counts,0.003367216,0.000318718,0.027116148,11757,0.786614279
ola_mES_lif_1_32.counts,0.003116138,0.000234573,0.026897435,12532,0.811237773
ola_mES_lif_1_33.counts,0.003273603,0.000263552,0.030363241,11477,0.798327427
ola_mES_lif_1_34.counts,0.00325269,0.00028461,0.030636362,11284,0.817927534
ola_mES_lif_1_35.counts,0.003583332,0.000272632,0.030717984,11220,0.7937828
ola_mES_lif_1_36.counts,0.003948824,0.000420034,0.032370658,10877,0.823945014
ola_mES_lif_1_37.counts,0.002757555,0.000399858,0.029889318,11701,0.814581409
ola_mES_lif_1_38.counts,0.00592403,0.00031446,0.029478894,12852,0.80151678
ola_mES_lif_1_39.counts,0.003527763,0.000273897,0.034407894,11570,0.803551449
ola_mES_lif_1_4.counts,0.002625967,0.000448941,0.03282612,11703,0.852059697
ola_mES_lif_1_40.counts,0.000733646,0.000103981,0.006169559,7572,0.10567397
ola_mES_lif_1_41.counts,0.004774563,0.000360996,0.031347665,12000,0.782322365
ola_mES_lif_1_42.counts,0.005777921,0.000254787,0.029645234,11586,0.805093615
ola_mES_lif_1_43.counts,0.00348284,0.000316697,0.028240663,11260,0.803662769
ola_mES_lif_1_44.counts,0.005302031,0.000254961,0.026704516,13280,0.796462869
ola_mES_lif_1_45.counts,0.003877516,0.000279476,0.033117268,12260,0.809463106
ola_mES_lif_1_46.counts,0.004509508,0.000269054,0.027604183,12145,0.800120233
ola_mES_lif_1_47.counts,0.004607438,0.00023045,0.03351392,10944,0.792594408
ola_mES_lif_1_48.counts,0.004806672,0.000274289,0.031212924,12835,0.79926155
ola_mES_lif_1_49.counts,0.003630199,0.000215267,0.028978519,12330,0.833003428
ola_mES_lif_1_5.counts,0.005477559,0.000295428,0.031453866,11427,0.813614671
ola_mES_lif_1_50.counts,0.004884641,0.000289326,0.02992702,12933,0.804222727
ola_mES_lif_1_51.counts,0.004311297,0.000324745,0.027596684,11911,0.834957778
ola_mES_lif_1_52.counts,0.003733634,0.000285782,0.035661925,11235,0.826609365
ola_mES_lif_1_53.counts,0.003507005,0.000294087,0.030929453,11197,0.818437654
ola_mES_lif_1_54.counts,0.002574871,0.00043678,0.038015014,10248,0.815057765
ola_mES_lif_1_55.counts,0.003033213,0.000216658,0.028411278,10988,0.835872343
ola_mES_lif_1_56.counts,0.005426033,0.000249388,0.028802097,10140,0.797169474
ola_mES_lif_1_57.counts,0.005323602,0.000426336,0.030897382,10932,0.831194241
ola_mES_lif_1_58.counts,0.002634161,0.000429834,0.03333608,11058,0.836680298
ola_mES_lif_1_59.counts,0.004017168,0.000250411,0.029414336,10516,0.836112657
ola_mES_lif_1_6.counts,0.003615631,0.000365819,0.035021025,11690,0.820548889
ola_mES_lif_1_60.counts,0.004063125,0.000300672,0.032090117,12065,0.818704387
ola_mES_lif_1_61.counts,0.00634816,0.000313323,0.026692254,11574,0.800404794
ola_mES_lif_1_62.counts,0.003603649,0.000266395,0.030040319,11913,0.779176459
ola_mES_lif_1_63.counts,0.005688581,0.000230207,0.026845911,10353,0.789120668
ola_mES_lif_1_64.counts,0.002402915,0.00023444,0.03071941,9711,0.794082816
ola_mES_lif_1_65.counts,0.003919564,0.000462966,0.03375778,9591,0.804790699
ola_mES_lif_1_66.counts,0.003298343,0.000340509,0.03165755,12532,0.781610754
ola_mES_lif_1_67.counts,0.003283467,0.000165354,0.030066707,13156,0.822673632
ola_mES_lif_1_68.counts,0.005235035,0.000231311,0.026787557,12593,0.782373907
ola_mES_lif_1_69.counts,0.002724008,0.000289508,0.030120908,11240,0.780364939
ola_mES_lif_1_7.counts,0.004708674,0.000231151,0.027168199,12441,0.810661265
ola_mES_lif_1_70.counts,0.005095456,0.000267037,0.032451029,11578,0.798933648
ola_mES_lif_1_71.counts,0.001482792,0.000167412,0.034104226,6221,0.047786241
ola_mES_lif_1_72.counts,0.0033122,0.00022808,0.033800204,11801,0.824475344
ola_mES_lif_1_73.counts,0.003693087,0.000332243,0.029063501,12514,0.803775995
ola_mES_lif_1_74.counts,0.004783184,0.000127615,0.027060442,12229,0.844681016
ola_mES_lif_1_75.counts,0.005224981,0.000235657,0.026640928,9911,0.829559042
ola_mES_lif_1_76.counts,0.00360518,0.000175009,0.014210711,4312,0.083838746
ola_mES_lif_1_77.counts,0.002896788,5.36E-05,0.084221443,4932,0.137255638
ola_mES_lif_1_78.counts,0.002100198,8.31E-05,0.008763414,8598,0.057249956
ola_mES_lif_1_79.counts,0.003186495,0.000182323,0.026811345,12370,0.807711743
ola_mES_lif_1_8.counts,0.007461677,0.000332421,0.028030675,12718,0.807652771
ola_mES_lif_1_80.counts,0.004340735,0.0003537,0.028792597,13484,0.809390833
ola_mES_lif_1_81.counts,0.004412846,0.000260412,0.029471445,12703,0.801934171
ola_mES_lif_1_82.counts,0.006630161,0.000275872,0.028630202,10421,0.799704177
ola_mES_lif_1_83.counts,0.001157906,8.08E-05,0.010555795,4524,0.110614035
ola_mES_lif_1_84.counts,0.003715427,0.000425745,0.039467632,11565,0.83081223
ola_mES_lif_1_85.counts,0.004856621,0.000149676,0.064260784,8931,0.587564665
ola_mES_lif_1_86.counts,0.006116933,0.000273753,0.027185992,11349,0.820496152
ola_mES_lif_1_87.counts,0.004155412,0.000623312,0.032619988,2389,0.413564527
ola_mES_lif_1_88.counts,0.001179404,0.00017915,0.014182703,6908,0.062825399
ola_mES_lif_1_89.counts,0.003447427,0.00049249,0.033489288,2099,0.376569214
ola_mES_lif_1_9.counts,0.003738779,0.000385937,0.030122123,11935,0.816766531
ola_mES_lif_1_90.counts,0.001541163,0.000189487,0.015904296,7724,0.084520845
ola_mES_lif_1_91.counts,0.002487279,0.000100232,0.026958439,11256,0.815183358
ola_mES_lif_1_92.counts,0.004101239,0.000338276,0.036978384,10786,0.826719392
ola_mES_lif_1_93.counts,0.004058054,0.000240799,0.027061352,11244,0.82211845
ola_mES_lif_1_94.counts,0.001467553,0.000126118,0.022196744,8048,0.096838756
ola_mES_lif_1_95.counts,0.003508076,0.000326127,0.035744501,10930,0.836068739
ola_mES_lif_1_96.counts,0.004045347,0.000226268,0.028531666,12322,0.793463531
ola_mES_lif_2_1.counts,0.009515685,0.000220666,0.026370291,11298,0.781881732
ola_mES_lif_2_10.counts,0.008373823,0.000264263,0.027301184,11770,0.824989854
ola_mES_lif_2_11.counts,0.008787688,0.000312467,0.024029439,11500,0.762847041
ola_mES_lif_2_12.counts,0.03116514,0.000227381,0.021096706,11181,0.818311739
ola_mES_lif_2_13.counts,0.010286392,0.000246601,0.026495843,11127,0.787979294
ola_mES_lif_2_14.counts,0.009645182,0.000233607,0.024816833,12309,0.771300489
ola_mES_lif_2_15.counts,0.012146045,0.000176048,0.027558216,11295,0.79791775
ola_mES_lif_2_16.counts,0.008469371,0.000277729,0.028794513,10724,0.808219816
ola_mES_lif_2_17.counts,0.010237177,0.00021522,0.028079677,11161,0.78523936
ola_mES_lif_2_18.counts,0.008205476,0.00019139,0.02755173,11178,0.802557979
ola_mES_lif_2_19.counts,0.009657741,0.00030879,0.031480457,11609,0.791573905
ola_mES_lif_2_2.counts,0.010754772,0.000253953,0.026704926,11354,0.794221078
ola_mES_lif_2_20.counts,0.011988153,0.000165785,0.023755538,11663,0.773743489
ola_mES_lif_2_21.counts,0.009150276,0.000208494,0.025852373,11010,0.797364432
ola_mES_lif_2_22.counts,0.008065795,0.000230211,0.02650501,12163,0.775471916
ola_mES_lif_2_23.counts,0.010693837,0.000226514,0.024197805,11736,0.777396675
ola_mES_lif_2_24.counts,0.007654688,0.000382734,0.032022114,4625,0.780724133
ola_mES_lif_2_25.counts,0.007134379,0.000199915,0.026577346,11691,0.806147981
ola_mES_lif_2_26.counts,0.010034106,0.000258509,0.033200004,10776,0.770744809
ola_mES_lif_2_27.counts,0.008359011,0.000260081,0.028986401,11342,0.780483025
ola_mES_lif_2_28.counts,0.007069814,0.000237022,0.02907665,11542,0.780856266
ola_mES_lif_2_29.counts,0.006843722,0.000171687,0.026178598,11303,0.780007483
ola_mES_lif_2_3.counts,0.011095374,0.000213138,0.027586601,11324,0.782657303
ola_mES_lif_2_30.counts,0.01925645,0.000193561,0.022843928,11825,0.795400258
ola_mES_lif_2_31.counts,0.011412289,0.00030877,0.020990715,11601,0.792011572
ola_mES_lif_2_32.counts,0.006502938,0.000221145,0.026943669,11017,0.798438846
ola_mES_lif_2_33.counts,0.005990389,0.000191483,0.024975486,11205,0.788026037
ola_mES_lif_2_34.counts,0.013146684,0.000257667,0.025742103,12073,0.790034602
ola_mES_lif_2_35.counts,0.007050293,0.000258967,0.02380538,10190,0.753827193
ola_mES_lif_2_36.counts,0.010366167,0.000274804,0.026363339,11932,0.79466147
ola_mES_lif_2_37.counts,0.008123307,0.000303117,0.029944158,11706,0.781465823
ola_mES_lif_2_38.counts,0.007705079,0.000273689,0.030862312,11607,0.800676648
ola_mES_lif_2_39.counts,0.005770752,0.000243919,0.029051748,11305,0.785956829
ola_mES_lif_2_4.counts,0.009927499,0.000189671,0.025751422,12029,0.791890739
ola_mES_lif_2_40.counts,0.008804295,0.000557547,0.028336832,11462,0.764625256
ola_mES_lif_2_41.counts,0.006180125,0.000286269,0.026330872,11699,0.804364508
ola_mES_lif_2_42.counts,0.006062251,0.000291327,0.027134571,10529,0.769028889
ola_mES_lif_2_43.counts,0.006528976,0.000255333,0.026779846,10273,0.784434694
ola_mES_lif_2_44.counts,0.006694937,0.000333027,0.026170847,11277,0.780705975
ola_mES_lif_2_45.counts,0.012267585,0.000255372,0.023330665,11370,0.824081314
ola_mES_lif_2_46.counts,0.006149036,0.000142376,0.023219124,10483,0.774081361
ola_mES_lif_2_47.counts,0.008871402,0.000268457,0.023720789,11571,0.756968189
ola_mES_lif_2_48.counts,0.016491173,0.000265884,0.02305343,11471,0.788507402
ola_mES_lif_2_49.counts,0.006774385,0.000289478,0.026529832,11167,0.800175015
ola_mES_lif_2_5.counts,0.013696061,0.000228442,0.0240516,10985,0.798961977
ola_mES_lif_2_50.counts,0.006354989,0.000307137,0.030637479,11038,0.796114116
ola_mES_lif_2_51.counts,0.007191107,0.00032599,0.027111073,11545,0.791825606
ola_mES_lif_2_52.counts,0.005874854,0.000232875,0.02680659,10921,0.777711478
ola_mES_lif_2_53.counts,0.017937226,0.000251763,0.021270383,11317,0.815948925
ola_mES_lif_2_54.counts,0.005474624,0.000255604,0.02957238,11669,0.787017243
ola_mES_lif_2_55.counts,0.007945222,0.000267835,0.028846789,11687,0.815278288
ola_mES_lif_2_56.counts,0.012556922,0.000233943,0.030157418,11920,0.826541669
ola_mES_lif_2_57.counts,0.029346144,0.000147903,0.016995822,10936,0.858724927
ola_mES_lif_2_58.counts,0.015648725,0.000299155,0.025698034,11634,0.800652931
ola_mES_lif_2_59.counts,0.00655025,0.000268512,0.024582956,11579,0.762157692
ola_mES_lif_2_6.counts,0.006711194,0.000172475,0.023077842,11023,0.79630088
ola_mES_lif_2_60.counts,0.00704604,0.000249269,0.027362485,11593,0.784467505
ola_mES_lif_2_61.counts,0.010533803,0.000142259,0.023418535,13399,0.805457534
ola_mES_lif_2_62.counts,0.010596013,0.000372409,0.008526465,7723,0.56742073
ola_mES_lif_2_63.counts,0.009146637,0.000244825,0.027235648,11736,0.785116874
ola_mES_lif_2_64.counts,0.0078792,0.000239667,0.026044254,10620,0.764191827
ola_mES_lif_2_65.counts,0.006271369,0.000321338,0.02636029,11497,0.7822252
ola_mES_lif_2_66.counts,0.005946275,0.000253243,0.0288902,11638,0.784970401
ola_mES_lif_2_67.counts,0.008184948,0.000207073,0.026484808,11198,0.778997274
ola_mES_lif_2_68.counts,0.004980432,0.00028877,0.02922447,11610,0.813822528
ola_mES_lif_2_69.counts,0.007609101,0.000217442,0.026335613,11674,0.788368098
ola_mES_lif_2_7.counts,0.010752838,0.000206843,0.025592622,10915,0.815729008
ola_mES_lif_2_70.counts,0.00775599,0.000198542,0.026832385,11362,0.801394757
ola_mES_lif_2_71.counts,0.011035399,0.000297886,0.027611167,11821,0.777031827
ola_mES_lif_2_72.counts,0.014857601,0.000303743,0.029316253,10856,0.784791821
ola_mES_lif_2_73.counts,0.024984516,0.000241288,0.02149325,12161,0.819149388
ola_mES_lif_2_74.counts,0.007076379,0.000226824,0.024982507,11678,0.806085308
ola_mES_lif_2_75.counts,0.020515292,0.000187408,0.023851145,11788,0.827200214
ola_mES_lif_2_76.counts,0.009062315,0.000264174,0.025653709,11456,0.82013361
ola_mES_lif_2_77.counts,0.006309995,0.000276797,0.029618987,11393,0.81048827
ola_mES_lif_2_78.counts,0.01187531,0.000258117,0.027088879,11787,0.794142387
ola_mES_lif_2_79.counts,0.009269572,0.000213156,0.025780412,11530,0.79430481
ola_mES_lif_2_8.counts,0.009587321,0.000234951,0.024364718,10781,0.777689075
ola_mES_lif_2_80.counts,0.007896474,0.000250273,0.028986274,10534,0.810090633
ola_mES_lif_2_81.counts,0.007330698,0.000207387,0.021862679,11280,0.794989016
ola_mES_lif_2_82.counts,0.008156159,0.000259997,0.027945025,11646,0.80121894
ola_mES_lif_2_83.counts,0.007075673,0.000261313,0.024964409,11148,0.766013495
ola_mES_lif_2_84.counts,0.010906577,0.000283534,0.026143912,11996,0.766373239
ola_mES_lif_2_85.counts,0.006639349,0.000171824,0.024128834,10524,0.783427186
ola_mES_lif_2_86.counts,0.008395339,0.000293591,0.027612354,11264,0.798851302
ola_mES_lif_2_87.counts,0.011989181,0.000229504,0.023736446,11118,0.812743479
ola_mES_lif_2_88.counts,0.006407214,0,0.030612245,2103,0.669017188
ola_mES_lif_2_89.counts,0.006353997,0.000155387,0.0313945,10797,0.823085821
ola_mES_lif_2_9.counts,0.013356818,0.000291465,0.026900933,11597,0.764634982
ola_mES_lif_2_90.counts,0.011923145,0.000401263,0.029973295,11447,0.790489938
ola_mES_lif_2_91.counts,0.014687424,0.000184374,0.026500071,10884,0.805564569
ola_mES_lif_2_92.counts,0.013043579,0.00017819,0.026520153,11755,0.78229626
ola_mES_lif_2_93.counts,0.007637157,0.000259055,0.027952386,11063,0.810822059
ola_mES_lif_2_94.counts,0.005154964,0.000159643,0.022598846,11088,0.798378502
ola_mES_lif_2_95.counts,0.010490129,0.000207002,0.026414741,11400,0.791516748
ola_mES_lif_2_96.counts,0.009260527,0.000273217,0.027145264,10672,0.81012
ola_mES_lif_3_1.counts,0.005911588,0.000139703,0.024826795,11494,0.746806947
ola_mES_lif_3_10.counts,0.00572221,0.000164651,0.03067187,10879,0.711424026
ola_mES_lif_3_11.counts,0.015919016,0.000193641,0.025010895,12385,0.74133175
ola_mES_lif_3_12.counts,0.010014417,0.000122678,0.027058088,11657,0.780583848
ola_mES_lif_3_13.counts,0.011418002,0.000129189,0.026107134,11501,0.755463972
ola_mES_lif_3_14.counts,0.01780483,0.000147588,0.025505345,12581,0.756724394
ola_mES_lif_3_15.counts,0.012825611,0.000123704,0.026539527,12121,0.737798904
ola_mES_lif_3_16.counts,0.014816849,0.000147893,0.023121604,12365,0.750243645
ola_mES_lif_3_17.counts,0.017710576,0.00015163,0.025134174,12205,0.762812909
ola_mES_lif_3_18.counts,0.02445225,0.000135531,0.019144528,11592,0.777578059
ola_mES_lif_3_19.counts,0.007783112,0.00017373,0.027478556,11747,0.704709409
ola_mES_lif_3_2.counts,0.014286743,0.000151861,0.029366176,9811,0.707729072
ola_mES_lif_3_20.counts,0.02801283,0.000150201,0.022890562,12499,0.774832566
ola_mES_lif_3_21.counts,0.007997531,0.000116089,0.027980108,11018,0.734043529
ola_mES_lif_3_22.counts,0.005630678,0.000206252,0.029584668,12138,0.754678573
ola_mES_lif_3_23.counts,0.015053219,0.000134507,0.027935179,12364,0.736809986
ola_mES_lif_3_24.counts,0.012319196,0.000125873,0.025523018,11227,0.780719493
ola_mES_lif_3_25.counts,0.003260327,8.84E-06,0.013930756,9091,0.5309838
ola_mES_lif_3_26.counts,0.005809249,0.000152141,0.029746942,11545,0.735638559
ola_mES_lif_3_27.counts,0.011133658,0.000203266,0.032099668,12463,0.724514713
ola_mES_lif_3_28.counts,0.011383337,0.000277694,0.025871825,13117,0.74893153
ola_mES_lif_3_29.counts,0.005719006,0.00015372,0.026923481,12116,0.742576392
ola_mES_lif_3_3.counts,0.008665854,0.000154248,0.028306514,11963,0.742198809
ola_mES_lif_3_30.counts,0.011106759,0.000150751,0.02751693,12448,0.766586654
ola_mES_lif_3_31.counts,0.00792349,0.000171787,0.028640195,12786,0.756518205
ola_mES_lif_3_32.counts,0.004667189,0.000258883,0.036805552,11072,0.710152842
ola_mES_lif_3_33.counts,0.012633122,0.000130489,0.026573944,11593,0.782091034
ola_mES_lif_3_34.counts,0.031045033,9.95E-05,0.019749291,11578,0.789621526
ola_mES_lif_3_35.counts,0.024470768,0.000123023,0.019904031,12566,0.795966534
ola_mES_lif_3_36.counts,0.006556969,0.000150085,0.027326133,11504,0.761814653
ola_mES_lif_3_37.counts,0.005858954,0.00014618,0.027322091,11019,0.7231297
ola_mES_lif_3_38.counts,0.007325105,0.000116997,0.023355744,12462,0.718843608
ola_mES_lif_3_39.counts,0.007246873,0.000157763,0.027570788,12634,0.760992782
ola_mES_lif_3_4.counts,0.006729211,0.000163541,0.03058181,11879,0.759564938
ola_mES_lif_3_40.counts,0.007968843,0.000245872,0.031789402,12727,0.749906633
ola_mES_lif_3_41.counts,0.013199915,0.000100592,0.022141152,14211,0.734775493
ola_mES_lif_3_42.counts,0.007392167,0.000276163,0.034482749,12541,0.774156066
ola_mES_lif_3_43.counts,0.003434066,0,0.024725275,1556,0.545780969
ola_mES_lif_3_44.counts,0.004891536,0,0.033390047,2321,0.64277501
ola_mES_lif_3_45.counts,0.0077973,0.00026597,0.028803377,11717,0.765577579
ola_mES_lif_3_46.counts,0.01385255,0.000224131,0.027797536,12030,0.771677565
ola_mES_lif_3_47.counts,0.020487632,0.000121531,0.02097394,11180,0.781237039
ola_mES_lif_3_48.counts,0.004168293,0.000182096,0.030378831,11121,0.728193105
ola_mES_lif_3_49.counts,0.008913298,0.000234184,0.032790939,12930,0.805457308
ola_mES_lif_3_5.counts,0.006878929,0.000171765,0.033963449,11591,0.719297339
ola_mES_lif_3_50.counts,0.007082914,0.000242468,0.031397715,10712,0.711850835
ola_mES_lif_3_51.counts,0.006708998,0.000198054,0.028674549,12689,0.716728162
ola_mES_lif_3_52.counts,0.006776825,0.00016316,0.031922294,12174,0.755988927
ola_mES_lif_3_53.counts,0.017665603,0.000184709,0.026208267,11923,0.768819099
ola_mES_lif_3_54.counts,0.006792633,0.000286044,0.028748853,13432,0.764529522
ola_mES_lif_3_55.counts,0.010579747,0.000239208,0.022457957,12724,0.720429894
ola_mES_lif_3_56.counts,0.006116488,0.000292411,0.03694398,11499,0.732783978
ola_mES_lif_3_57.counts,0.007550011,0.000203926,0.030176368,12162,0.753567007
ola_mES_lif_3_58.counts,0.005769662,0.000171065,0.027219621,12069,0.774100932
ola_mES_lif_3_59.counts,0.007194409,9.64E-05,0.022720342,10140,0.67172233
ola_mES_lif_3_6.counts,0.007644477,0.000196245,0.029345666,12439,0.749400037
ola_mES_lif_3_60.counts,0.005794182,0.000162984,0.031723559,12385,0.762852057
ola_mES_lif_3_61.counts,0.009087234,0.00019274,0.030499171,12706,0.761947459
ola_mES_lif_3_62.counts,0.006631567,0.000202954,0.032194889,12454,0.745188929
ola_mES_lif_3_63.counts,0.008491218,0.000190656,0.028710862,12593,0.744605531
ola_mES_lif_3_64.counts,0.004324725,0.000134105,0.031849851,11736,0.750242645
ola_mES_lif_3_65.counts,0.010698848,0.00016109,0.029600182,12355,0.746265588
ola_mES_lif_3_66.counts,0.010835913,0.000169155,0.028464562,13110,0.772804216
ola_mES_lif_3_67.counts,0.007843447,0.000126648,0.025998202,13332,0.728893424
ola_mES_lif_3_68.counts,0.005958904,0.000188963,0.026957154,12130,0.677300065
ola_mES_lif_3_69.counts,0.016012551,0.000196061,0.025597944,11780,0.764550254
ola_mES_lif_3_7.counts,0.00824907,0.000122689,0.023635562,11289,0.623303451
ola_mES_lif_3_70.counts,0.019973912,0.000175008,0.026044146,11910,0.772492615
ola_mES_lif_3_71.counts,0.007536082,0.000223543,0.026173018,12586,0.78039863
ola_mES_lif_3_72.counts,0.010964116,0.000162353,0.027506618,12074,0.77215197
ola_mES_lif_3_73.counts,0.016682853,0.000180526,0.026617701,11874,0.751867913
ola_mES_lif_3_74.counts,0.015909536,0.000166224,0.024824886,11866,0.7225867
ola_mES_lif_3_75.counts,0.009038953,0.00014246,0.027316456,11215,0.713826566
ola_mES_lif_3_76.counts,0.015541851,0.000180538,0.020318644,9452,0.714886011
ola_mES_lif_3_77.counts,0.00668157,0.000186473,0.030625358,10763,0.737410275
ola_mES_lif_3_78.counts,0.006187799,0.000149479,0.029294728,11362,0.712002078
ola_mES_lif_3_79.counts,0.013816981,0.000147153,0.020408032,11751,0.713109077
ola_mES_lif_3_8.counts,0.009560101,9.95E-05,0.027545301,12061,0.784510439
ola_mES_lif_3_80.counts,0.010409991,0.000170899,0.025046022,11905,0.728707416
ola_mES_lif_3_81.counts,0.012243424,9.13E-05,0.022525159,9622,0.718350371
ola_mES_lif_3_82.counts,0.008588595,0.000167535,0.029170552,11447,0.747051974
ola_mES_lif_3_83.counts,0.005417753,0.000162671,0.025030573,10739,0.701408678
ola_mES_lif_3_84.counts,0.006242139,0.000215694,0.028287994,11322,0.742782546
ola_mES_lif_3_85.counts,0.014474498,0.000170633,0.02864984,11127,0.706664065
ola_mES_lif_3_86.counts,0.024054581,0.000190483,0.020180586,11773,0.722534912
ola_mES_lif_3_87.counts,0.008212078,0.000132445,0.032366741,11792,0.725695479
ola_mES_lif_3_88.counts,0.011823409,0.000208831,0.027425035,10861,0.732603453
ola_mES_lif_3_89.counts,0.015085621,0.000176927,0.027262355,10378,0.720062702
ola_mES_lif_3_9.counts,0.010516452,0.000166629,0.028070511,11489,0.723799377
ola_mES_lif_3_90.counts,0.032078005,0.000240817,0.017604147,9483,0.686412462
ola_mES_lif_3_91.counts,0.018535426,0.000122227,0.017037882,11602,0.733397078
ola_mES_lif_3_92.counts,0.034281337,0.00015774,0.022754448,12312,0.744615537
ola_mES_lif_3_93.counts,0.004855478,0.00015357,0.027468241,10564,0.696668424
ola_mES_lif_3_94.counts,0.023640654,0.000206188,0.024006093,11185,0.725554378
ola_mES_lif_3_95.counts,0.015464284,0.00012606,0.022605277,11682,0.735470858
ola_mES_lif_3_96.counts,0.010042198,0.000166603,0.027421889,11367,0.729142791
