Identifier,Actb,Gapdh,Metabolic process,#Detected Genes
GGCTCGACATCTACGA,0.01834862385321101,0.001834862385321101,0.011009174311926606,358
GCGACCAAGAATCTCC,0.010032102728731942,0.0036115569823434992,0.008159443552701975,2110
GGAATAATCTTAACCT,0.02462825278810409,0.005111524163568773,0.0032527881040892185,959
TGGGAAGGTCGAACAG,0.006526806526806527,0.002331002331002331,0.004662004662004662,849
ACTATCTAGAGGTAGA,0.0015384615384615385,0.0,0.008461538461538461,508
GCATGATCACTCTGTC,0.002587991718426501,0.0010351966873706005,0.002587991718426501,990
TCGGGACTCGCCATAA,0.012619708225185716,0.003222053163877204,0.005728094513559473,2585
CGCGGTAGTATATGGA,0.01178343949044586,0.001910828025477707,0.006050955414012738,1346
GACCAATCATCGACGC,0.013744273219491879,0.0029154518950437317,0.0049979175343606835,976
CCTAAAGGTTTCGCTC,0.0020833333333333333,0.0020833333333333333,0.007291666666666666,519
CCCAATCGTGAGTATA,0.007708119218910586,0.001541623843782117,0.010277492291880784,946
ATCCACCAGACGCTTT,0.012966476913345983,0.003795066413662239,0.007906388361796333,1157
ACGCAGCTCACGACTA,0.02564333273348929,0.0015296023034011158,0.005398596364945114,2374
TTAACTCGTTAAAGAC,0.0054027504911591355,0.0009823182711198428,0.005893909626719057,1000
CGGAGCTGTTGTGGAG,0.010638297872340425,0.0037546933667083854,0.0037546933667083854,850
TTCTCAAAGTTTCCTT,0.008771929824561403,0.0012531328320802004,0.005012531328320802,502
CTCGAGGGTTCCCGAG,0.010384215991692628,0.0010384215991692627,0.004672897196261682,956
GGATTACAGTGGGCTA,0.0015105740181268882,0.0,0.0,124
TTTGTCAGTTATTCTC,0.009867009867009866,0.000429000429000429,0.005291005291005289,1865
ATAGACCCACGTCAGC,0.006211180124223602,0.0018633540372670807,0.0012422360248447205,927
TTGCCGTAGATGTCGG,0.0018484288354898336,0.0,0.0,287
CTGCTGTGTCGGCTCA,0.0030816640986132513,0.0,0.009244992295839754,444
CCTTTCTTCGTTGACA,0.004016064257028112,0.0,0.004016064257028112,296
AGTAGTCCATGGATGG,0.0,0.0,0.0036363636363636364,328
GACACGCAGCCCAACC,0.0011261261261261261,0.0,0.0033783783783783786,443
CAACCAATCCAGTATG,0.0,0.0,0.0008741258741258741,53
GCCAAATTCGTCTGAA,0.0029985007496251873,0.0,0.005997001499250375,391
GCCTCTATCATGCTCC,0.011111111111111112,0.0,0.0049382716049382715,416
TCAGGTACACATAACC,0.0,0.0,0.0038461538461538464,359
ATCCGAACAGTGGAGT,0.006818181818181818,0.0,0.006818181818181819,529
GTACGTATCCTGCAGG,0.0,0.0,0.0048000000000000004,417
CTGCTGTCACCGATAT,0.0,0.0,0.005641748942172073,412
TCGTAGACAAATACAG,0.001017293997965412,0.0,0.008138351983723298,474
CCGGGATAGCCCAATT,0.0,0.0,0.007792207792207792,679
GAAGCAGAGCGTAATA,0.0019646365422396855,0.0,0.011787819253438114,289
CCATTCGAGATGTCGG,0.0008880994671403197,0.0,0.008880994671403197,557
TAGTGGTAGATATGCA,0.00641025641025641,0.0003205128205128205,0.006730769230769229,1543
CCTAAAGGTGTGTGCC,0.0070921985815602835,0.0,0.0070921985815602835,428
AGAGCTTCATTCTCAT,0.001718213058419244,0.0,0.00859106529209622,373
CTGTGCTAGATGTTAG,0.0005633802816901409,0.0011267605633802818,0.00845070422535211,978
GCGGGTTCAAGTTGTC,0.0015698587127158557,0.0,0.009419152276295134,369
ACTGTCCGTTTAAGCC,0.0015503875968992248,0.0,0.007751937984496124,381
TGCGCAGTCTGTCCGT,0.0030627871362940277,0.0,0.006125574272588055,345
ATCCGAATCTGCCCTA,0.0,0.0,0.008985879332477534,440
CAAGTTGCATCCTAGA,0.004971002485501243,0.0,0.010770505385252694,479
CGTTGGGCAAACCTAC,0.000931098696461825,0.0,0.0074487895716946,430
GTTCATTAGGTGTTAA,0.003355704697986577,0.0,0.005592841163310961,527
AACCGCGGTCTGCAAT,0.001718213058419244,0.0,0.001718213058419244,372
GGATGTTGTCACCTAA,0.0031847133757961785,0.0,0.01751592356687898,270
CCACTACGTTGACGTT,0.0,0.0013477088948787063,0.004043126684636119,434
CATGCCTTCAACCAAC,0.0034940600978336828,0.0,0.004891684136967155,529
CATCGGGAGAGTAATC,0.0012106537530266344,0.002421307506053269,0.007263922518159807,509
AATCCAGGTGTTTGGT,0.0014144271570014145,0.0,0.007072135785007073,444
ACTTGTTCATGGTCTA,0.0,0.0,0.008221993833504625,471
GTCTTCGGTACCAGTT,0.0038071065989847717,0.0012690355329949238,0.006345177664974619,527
GATCGATAGCTCCTTC,0.002028397565922921,0.0,0.002028397565922921,340
CATATTCAGCGTGTCC,0.0,0.0,0.017857142857142856,360
AGAGCGATCAACACTG,0.0036231884057971015,0.0,0.016304347826086956,374
ACTGATGCATGGATGG,0.007197480881691408,0.0,0.0035987404408457037,996
ACATCAGGTCCGACGT,0.02934451219512195,0.001524390243902439,0.004954268292682927,1076
CAGTAACTCAGATAAG,0.01619644723092999,0.002612330198537095,0.0047021943573667705,1005
CGTAGGCCAATGGAGC,0.011344922232387923,0.0027447392497712718,0.006038426349496799,1801
TGCGTGGTCGGAAACG,0.0208244793880153,0.0029749256268593286,0.0038249043773905646,1075
CACACTCGTTCCACTC,0.0035714285714285713,0.002380952380952381,0.0023809523809523807,1079
GCTTCCAAGCTAGTTC,0.0221483942414175,0.0011074197120708748,0.004798818752307125,1300
AACTTTCTCCTGCCAT,0.011235955056179775,0.0008025682182985554,0.0032102728731942215,596
CACATAGTCGTGACAT,0.009895547003848268,0.003298515667949423,0.003848268279274326,766
TGACTTTTCCGCAAGC,0.01905717151454363,0.0005015045135406219,0.0020060180541624875,945
TAAGAGAAGGCTATCT,0.02071563088512241,0.0018832391713747645,0.013182674199623353,346
GGGAATGCATAAAGGT,0.011980830670926517,0.0027955271565495207,0.0027955271565495207,1295
CACAGGCTCACCAGGC,0.015796703296703296,0.0013736263736263737,0.005494505494505495,749
GTCACGGAGTATTGGA,0.018656716417910446,0.0005330490405117271,0.00533049040511727,966
CAAGGCCCATGTAGTC,0.018579234972677595,0.001092896174863388,0.006557377049180326,1062
GTGGGTCAGGTAGCTG,0.04594467885607126,0.0046882325363338025,0.0028129395218002813,687
AAGGCAGAGGGCTTCC,0.023371811315376943,0.0021376656690893546,0.005130397605814451,1675
AGCATACCAATCGAAA,0.0127750177430802,0.0028388928317956,0.0056777856635912,810
ACATGGTCAGTAAGAT,0.007792207792207792,0.0025974025974025974,0.0038961038961038965,808
GACGGCTTCCAATGGT,0.017686648927844734,0.010643293160118954,0.00328689935827203,1926
CAAGGCCAGTCAAGCG,0.022815022815022814,0.005791505791505791,0.005791505791505791,1774
TTGTAGGAGCTAAGAT,0.029047250193648334,0.0019364833462432224,0.005809450038729669,1157
AGAATAGTCAACCAAC,0.017324800998907444,0.0063992508194162636,0.004994537224910255,1782
CATATTCAGATGTTAG,0.007709251101321586,0.0011013215859030838,0.0,531
CTAAGACGTTCACCTC,0.004210526315789474,0.0008421052631578948,0.0037894736842105266,1045
ACATGGTTCCGAATGT,0.015321375186846039,0.0018684603886397607,0.006539611360239161,1584
GCTGCGAGTGATAAGT,0.015633724176437745,0.006700167504187605,0.003908431044109436,886
CATCGAAGTTACCGAT,0.009789156626506024,0.0015060240963855422,0.0030120481927710845,777
CCCAATCTCGTTTAGG,0.014006224988883948,0.002112049799911072,0.008448199199644285,2435
GATGAAACAGCGTTCG,0.006142506142506142,0.0006142506142506142,0.003071253071253071,814
TTCTACAAGAATCTCC,0.005655355954757153,0.0,0.0036593479707252166,1249
AATCGGTTCAGTACGT,0.004506349856616141,0.0022531749283080703,0.005530520278574355,1615
ACGATGTGTGCGAAAC,0.012727272727272728,0.0006060606060606061,0.0048484848484848485,814
ACTGAGTAGTACTTGC,0.0035869360015102886,0.0005663583160279403,0.003398149896167642,1884
GTAGGCCAGTGGGATC,0.01344688480502017,0.0008964589870013447,0.0035858359480053785,1013
TGAGCCGGTCCAGTTA,0.011272141706924315,0.00322061191626409,0.00966183574879227,387
GTGTGCGTCTCAACTT,0.005035545023696682,0.0005924170616113745,0.002369668246445498,1138
TCATTACTCCTTAATC,0.009661196400211753,0.0035733192165166754,0.004367390153520381,1863
CTACCCAAGCCCAATT,0.01227436823104693,0.004332129963898917,0.005054151624548736,660
TCAGATGGTTCGCTAA,0.007564296520423601,0.0015128593040847202,0.01059001512859304,464
CCACGGATCCTCTAGC,0.0014545454545454545,0.0007272727272727272,0.0036363636363636364,788
TCAGCTCAGCGTCTAT,0.02197802197802198,0.0010465724751439038,0.004186289900575616,869
AGTGAGGAGCCAGTAG,0.02162565249813572,0.0022371364653243847,0.0014914243102162564,1012
CAGAGAGGTAGCACGA,0.00823045267489712,0.0,0.004115226337448559,462
CAGCAGCAGCTGGAAC,0.017715793441387108,0.003769317753486619,0.0026385224274406336,1212
TATCAGGGTGCCTGGT,0.012557077625570776,0.001141552511415525,0.012557077625570776,540
ACACCGGGTGTCTGAT,0.017498379779650033,0.0028083819399438324,0.003024411319939512,1589
TGAAAGACAAGCGATG,0.021301093839953943,0.0005757052389176742,0.0028785261945883708,895
TAGAGCTGTTCACGGC,0.009259259259259259,0.0013227513227513227,0.005731922398589065,973
ACGATGTCAGACGCAA,0.005792682926829268,0.003658536585365854,0.0076219512195121976,1301
GGGATGATCACCACCT,0.013990267639902677,0.0006082725060827251,0.0030413625304136255,881
CGAATGTTCGTCCAGG,0.014231308879534978,0.00220485067147725,0.0050110242533573865,1529
CGGCTAGGTCTCTTAT,0.016516516516516516,0.002002002002002002,0.001001001001001001,920
CGTTGGGGTAATAGCA,0.009407665505226481,0.0020905923344947735,0.0027874564459930314,1266
AGAATAGTCCTAAGTG,0.017061611374407582,0.00353870458135861,0.006066350710900475,3063
ACGGAGAGTCTAAAGA,0.01700318809776833,0.0,0.005313496280552602,931
CCATGTCAGTATTGGA,0.009639564124056999,0.0012573344509639564,0.004610226320201173,1104
AAAGCAAGTGCAGGTA,0.0062063615205585725,0.0031031807602792862,0.004654771140418929,664
TGCCCTAAGACAATAC,0.005786428195686481,0.004734350341925302,0.0034192530247238295,1602
ATGTGTGCATCCCATC,0.026908023483365948,0.0053816046966731895,0.003913894324853229,772
CTGCTGTAGGGTCGAT,0.01808634772462077,0.002333722287047841,0.0035005834305717612,1206
TCGCGAGAGCCAACAG,0.025956885173779146,0.002199736031676199,0.0035195776506819184,1092
AGAATAGTCGCGTTTC,0.002577319587628866,0.001718213058419244,0.002577319587628866,605
AGCATACCAATCAGAA,0.01066010660106601,0.002870028700287003,0.004510045100451004,1270
GGACAAGGTCTACCTC,0.008896797153024912,0.0035587188612099642,0.0071174377224199285,917
GGCTGGTCAGGGTATG,0.01552442256720939,0.001135933358576297,0.004543733434305188,1136
GATGCTAAGCTACCTA,0.009730207872622734,0.0017691287041132243,0.005307386112339673,1032
TTGCCGTGTGCCTGCA,0.018995929443690638,0.0018091361374943465,0.004522840343735866,1074
CTCGTCACACCGATAT,0.027317510076130765,0.0004478280340349306,0.0026869682042095834,1004
CCCAATCTCATGGTCA,0.00847098686997035,0.0012706480304955528,0.00508259212198221,1101
CGTGTAACACACAGAG,0.009884678747940691,0.0016474464579901153,0.0016474464579901153,303
GATGCTACATAAAGGT,0.0066844919786096255,0.001336898395721925,0.0020053475935828875,722
TACTTACAGAGAACAG,0.02279502016482553,0.003156233561283535,0.006663159740487462,1837
CTTTGCGAGACTACAA,0.01811949069539667,0.002448579823702253,0.005876591576885407,950
TCTGGAAAGTGGGCTA,0.009012875536480686,0.0017167381974248926,0.0034334763948497857,1031
TACCTATCACCTTGTC,0.01121172919361794,0.00129366106080207,0.01207416990081932,1129
GAACATCTCCAGATCA,0.012078300708038317,0.00041649312786339027,0.005414410662224074,1109
CTCGAAAAGTGATCGG,0.022589621869373057,0.003110165329841218,0.00638402357177934,2662
TAAGAGAAGGTGTGGT,0.011386138613861386,0.0024752475247524753,0.007425742574257427,870
GTTCATTAGATGTAAC,0.005423320277191925,0.0,0.00692979813196746,1117
AAGTCTGCACCTCGTT,0.015021459227467811,0.001609442060085837,0.006437768240343348,969
GCTGCTTCACAAGTAA,0.014887436456063908,0.0010893246187363835,0.0065359477124183,1227
CCTAGCTAGTGCAAGC,0.016,0.0024,0.004,675
CACACTCCAAGGGTCA,0.008709853021230268,0.002177463255307567,0.002177463255307567,939
TGGACGCGTGTATGGG,0.03507194244604316,0.0020983213429256594,0.0022482014388489203,1980
CTTACCGGTGCGATAG,0.017105263157894738,0.003947368421052632,0.006052631578947367,1179
GAACGGAAGGTGGGTT,0.0029239766081871343,0.0007309941520467836,0.005847953216374269,770
TATTACCCAGCTGGCT,0.009933774834437087,0.0016556291390728477,0.006622516556291391,393
AGCAGCCTCCAGGGCT,0.009779951100244499,0.0008149959250203749,0.0032599837000814994,733
GACACGCAGCGCTTAT,0.005121638924455826,0.0012804097311139564,0.0038412291933418692,466
TGTCCCACAATGGAAT,0.001697792869269949,0.0008488964346349745,0.012733446519524617,647
AGTCTTTGTCTAGAGG,0.01027221366204417,0.0030816640986132513,0.005136106831022086,984
TTGGAACCATGGGACA,0.0,0.0,0.0,415
TTTCCTCAGTTTAGGA,0.008506616257088847,0.0014177693761814746,0.004725897920604916,909
CCAATCCGTGAGGCTA,0.016055045871559634,0.00382262996941896,0.007390417940876659,1431
TGTCCCAAGAAGGCCT,0.017196152725153017,0.004371903235208394,0.006703584960652872,1389
CTACCCAGTAGAGTGC,0.012575177692728267,0.002186987424822307,0.006014215418261345,938
TCAGCTCAGTCCTCCT,0.027805864509605663,0.0,0.00455005055611729,980
GTCCTCAAGGTAGCTG,0.012954580927110972,0.0026533479007335727,0.005540814733884814,3059
TTGGCAAGTCGAGATG,0.01810436634717785,0.002129925452609159,0.0031948881789137383,477
ACACCGGCATTCCTGC,0.040807560137457045,0.0028350515463917525,0.0042955326460481094,2242
ACCGTAATCGTTTGCC,0.008136094674556213,0.0022189349112426036,0.004437869822485207,738
TGGCTGGGTTGACGTT,0.009327115256495669,0.0,0.0033311125916055963,791
GACACGCCACCTATCC,0.002663825253063399,0.0005327650506126798,0.0015982951518380393,743
TCGTACCCAACGATGG,0.0039603960396039604,0.0006600660066006601,0.0033003300330033004,760
AAGGAGCCAAGACGTG,0.01440329218106996,0.00205761316872428,0.00154320987654321,852
GCACTCTAGAGTAAGG,0.012104539202200825,0.0028885832187070153,0.004814305364511693,2041
CAACCTCGTCGCTTCT,0.019079685746352413,0.003928170594837262,0.005050505050505051,1192
ACTTGTTTCTGACCTC,0.014017979582508,0.003885418253847326,0.00632332774645741,2648
CGGACGTGTAAAGTCA,0.0037831021437578815,0.0006305170239596469,0.0031525851197982345,794
TGAAAGATCAGAGCTT,0.009746588693957114,0.001949317738791423,0.001949317738791423,409
TTGCCGTAGTAACCCT,0.011268228015908087,0.003645603181617322,0.003756076005302695,2261
TTTCCTCGTCAGATAA,0.0064516129032258064,0.0018975332068311196,0.005313092979127135,1397
CACCACTAGGGAGTAA,0.021424838878244208,0.003570806479707368,0.008622191255878766,2821
TAGTTGGCACCTTGTC,0.004317789291882556,0.0017271157167530224,0.0034542314335060447,605
GGATGTTGTCCAGTGC,0.014393719104390811,0.003343995347484734,0.006833381797034023,1958
CTTTGCGAGCTGCGAA,0.012720156555772993,0.002544031311154599,0.008806262230919765,1559
GTGCAGCTCAATACCG,0.011356466876971609,0.0009463722397476341,0.005362776025236594,1383
GCTCCTAAGCATGGCA,0.010676156583629894,0.0008896797153024911,0.004982206405693951,1828
GATCGATCACTGTCGG,0.01056338028169014,0.005457746478873239,0.004577464788732396,1629
GACGCGTGTGCGCTTG,0.011563169164882228,0.007708779443254818,0.002141327623126338,885
AGGTCCGTCGTTTATC,0.03768624014022787,0.006427110721589249,0.006329730256110623,2373
AACCATGTCCTGCTTG,0.008246811035301097,0.0013052506674577277,0.007297537822604565,3484
TCTGAGACAAGCGCTC,0.015639374425023,0.0018399264029438822,0.003219871205151794,977
ACGGGTCAGAGTACAT,0.008688783570300158,0.0,0.005529225908372827,634
CACACAACAGTCACTA,0.0010526315789473684,0.0,0.004210526315789474,467
ACCGTAAGTCCAGTAT,0.010787992495309569,0.0031269543464665416,0.004534083802376483,1608
CAAGAAAGTGCATCTA,0.007856341189674524,0.001122334455667789,0.003928170594837262,900
CGATGTAAGTCGCCGT,0.0204468802698145,0.0012647554806070826,0.00505902192242833,1458
TCATTTGGTCACTGGC,0.05203996669442131,0.0043713572023313906,0.0066611157368859295,2228
GTCGTAAGTCGCCATG,0.01027077497665733,0.0018674136321195146,0.003734827264239029,527
TCTTCGGGTATAGGTA,0.011005502751375688,0.004502251125562781,0.006003001500750375,969
GTCACGGGTTAAGAAC,0.014820303816228233,0.0014820303816228233,0.006298629121896997,1182
CTACACCGTTTAGGAA,0.0028466856445709637,0.0016266775111834079,0.0065067100447336315,959
TACACGAAGAACAACT,0.009855072463768115,0.0017391304347826088,0.007536231884057969,754
GCATGATGTGCATCTA,0.011920888648062856,0.001083717149823896,0.004334868599295584,1466
TGGACGCTCCAGTATG,0.02126230975828111,0.0017905102954341987,0.0040286481647269475,1579
GCTGGGTGTAAACCTC,0.01846933848382424,0.0010864316755190729,0.004345726702076289,2492
CGTCAGGTCAGCCTAA,0.007859733978234583,0.0012091898428053204,0.005441354292623941,852
GACCTGGCAGTCTTCC,0.01340033500837521,0.0016750418760469012,0.006700167504187605,368
CCTTCCCTCGCACTCT,0.009302866445723588,0.002558288272573987,0.006686435257863828,3317
AGGCCACTCCTCATTA,0.015286624203821656,0.003821656050955414,0.005095541401273885,864
CTTCTCTCAGAAGCAC,0.02142051860202931,0.0011273957158962795,0.004509582863585118,532
CTACACCTCCTGTACC,0.020221787345075015,0.0,0.002609262883235486,794
CGTTCTGCAGACTCGC,0.007582515611061552,0.0031222123104371097,0.004014272970561999,1055
ATCCACCTCATTATCC,0.009745762711864408,0.00211864406779661,0.003813559322033898,1071
TGCCAAAAGAACAATC,0.014991671293725709,0.000555247084952804,0.009439200444197668,917
AAACGGGTCCGTTGTC,0.005988023952095809,0.0027218290691344584,0.002177463255307567,861
GGCGTGTCAAAGTCAA,0.013737565135007106,0.0018948365703458077,0.004263382283278067,889
CAACCTCTCGCATGGC,0.03183699458771092,0.004775549188156638,0.006367398917542183,1325
CCACGGACAGTCTTCC,0.061511423550087874,0.0,0.0017574692442882249,339
AACTCAGTCTCGTTTA,0.038317271625598705,0.006290034046973282,0.007732702406370822,3644
TAAGAGAGTTGGTAAA,0.015085484411666107,0.0015085484411666108,0.005363727790814617,1800
GGGCACTTCGCTTGTC,0.015535991714137753,0.0015535991714137752,0.00310719834282755,1003
GCATGATCATGGTCAT,0.019814868382991034,0.0013017066820943013,0.00838877639571883,2119
CTAGAGTAGAGGTTAT,0.008220502901353965,0.005802707930367505,0.0024177949709864605,1020
TGACTAGAGGCTATCT,0.006341328921974083,0.0011028398125172319,0.0046870692031982355,1357
GTAACTGAGGTGATTA,0.009746088740702744,0.005385996409335727,0.00589894844832008,1305
TGAGAGGTCGTCACGG,0.006738544474393531,0.0013477088948787063,0.005390835579514825,471
TGGCCAGAGTCTCGGC,0.009781089892873778,0.002328830926874709,0.0013972985561248254,943
CTAAGACCAGTCGTGC,0.009168081494057725,0.007130730050933786,0.0040747028862478775,940
TCGTAGAGTCCTCCAT,0.025580293699668404,0.0024869729985788724,0.007224064424443396,1972
TATCTCAAGAGCTGGT,0.010858324715615306,0.001034126163391934,0.005429162357807654,1381
AAATGCCCATCATCCC,0.0033222591362126247,0.0008305647840531562,0.00664451827242525,629
CCGTTCATCGGAAACG,0.0115916183682568,0.0017833259028087382,0.005795809184128402,1013
AGCAGCCAGCTAGTTC,0.006423982869379015,0.0021413276231263384,0.005710206995003569,754
GAACCTACAAGTTAAG,0.006307617661329452,0.001455604075691412,0.0026686074721009216,1140
ACGGGCTCAGCCAATT,0.0035294117647058825,0.0,0.0029411764705882353,791
GGTGAAGAGAGTCGGT,0.0054968287526427064,0.002536997885835095,0.005496828752642706,900
CGGTTAAGTAGCACGA,0.015646258503401362,0.00816326530612245,0.008843537414965987,707
GTCACGGAGTAGATGT,0.01482444733420026,0.004421326397919376,0.003901170351105331,1315
GCGCCAACAGATAATG,0.01837270341207349,0.005030621172353456,0.00590551181102362,1264
GTCATTTGTACTCAAC,0.0062256809338521405,0.0015564202334630351,0.007782101167315174,529
AGCTCCTCATCATCCC,0.012987012987012988,0.009569377990430622,0.004101161995898838,667
AAGGCAGTCGTCTGCT,0.01818870784388026,0.006820765441455097,0.004926108374384237,932
GAAATGATCCGCTGTT,0.010993843447669306,0.00043975373790677223,0.0021987686895338612,898
GCGAGAAGTGATGTGG,0.012053033346725592,0.0004017677782241864,0.005222981116914423,1068
CACAAACCAACAACCT,0.010276042716099134,0.004029820672980053,0.005843239975821077,1552
CGCTGGATCATTGCCC,0.009328358208955223,0.0070895522388059705,0.004104477611940298,999
GACTAACCATATGCTG,0.010660980810234541,0.0014214641080312722,0.004501303008765695,1756
GACGCGTAGTTGTCGT,0.01958650707290533,0.0022752003165496092,0.0060342269265011355,2238
ATTGGTGCACCGCTAG,0.012028065486134313,0.004677581022385567,0.006348145673237553,1124
ATAAGAGCACGGATAG,0.028161287373137056,0.011977690408704398,0.006766023589649813,2988
CGTGAGCCATGCTGGC,0.014202649890382233,0.0028595939376608523,0.006195786864931848,2826
GGAGCAATCCGCGGTA,0.02313439553515168,0.0027005130974885228,0.0061211630209739845,2693
GCAAACTGTTGTTTGG,0.003959276018099547,0.0011312217194570137,0.0016968325791855204,772
GCTGCAGTCATAAAGG,0.017115294849852185,0.0051345884549556554,0.0056013692235879885,1887
ACCTTTACAATGGTCT,0.007660878447395302,0.0010214504596527069,0.0030643513789581204,883
GTGGGTCCATCGGACC,0.015238740264138165,0.0006772773450728074,0.0020318320352184223,1164
GCTGCTTCAAACGTGG,0.010900745840504877,0.0015299292407726143,0.005928475807993881,1682
CAGCCGACACTTACGA,0.013734812466983624,0.0010565240359218173,0.005282620179609086,891
AACTCCCGTGAGCGAT,0.005875440658049354,0.0007833920877399138,0.002350176263219741,1202
CATTATCTCTTGTATC,0.0059665871121718375,0.001376904718193501,0.007527079126124469,2537
TACACGAAGACTGTAA,0.016897081413210446,0.0005120327700972862,0.0035842293906810036,1053
ATTTCTGTCTACCTGC,0.030917384693360365,0.0030410542321338066,0.005575266092245313,796
CGCCAAGTCTCTAAGG,0.011376896149358226,0.0014585764294049008,0.004667444574095681,1262
GGGACCTTCGCGATCG,0.021232402492499424,0.0032310177705977385,0.00600046157396723,1380
CTGTTTACACGAAATA,0.008120649651972157,0.000892379082634303,0.009459218275923612,2754
CCCAATCTCAGTCAGT,0.012345679012345678,0.001122334455667789,0.002618780396558174,1182
ATTCTACGTTCAGTAC,0.00783530496235981,0.0016899677369795667,0.005684436933476725,1751
GCGCAGTCAAAGTCAA,0.006124721603563474,0.0005567928730512249,0.005011135857461024,897
TGACAACGTACGACCC,0.013342456380431064,0.004561523548865321,0.006956323412019612,2163
CCGTGGACATACCATG,0.005742411812961444,0.0008203445447087777,0.002461033634126333,586
AAACGGGTCAGCCTAA,0.015544041450777202,0.0,0.0022205773501110288,641
GGCTGGTGTCAGATAA,0.007934086054317974,0.003051571559353067,0.00366188587122368,1440
TCTTCGGTCCTGTAGA,0.012903225806451613,0.0009216589861751152,0.005529953917050691,626
GCGCGATGTTGCTCCT,0.02065767284991568,0.0021079258010118043,0.003372681281618887,1060
CTCGGGAAGTGGTAAT,0.007446808510638298,0.0005319148936170213,0.0031914893617021275,921
CACAGGCTCTAGCACA,0.006640625,0.003515625,0.0042968749999999995,1091
GCGCGATTCATGTCCC,0.004032258064516129,0.0,0.004032258064516129,427
ATTATCCTCTGTCTAT,0.008951406649616368,0.0,0.0012787723785166241,413
GTACTTTTCTTGGGTA,0.007364975450081833,0.0020458265139116204,0.0061374795417348605,1047
AGAGCGACAATGCCAT,0.007962840079628402,0.0026542800265428003,0.0033178500331785005,810
CAAGATCGTACATCCA,0.013515498751285441,0.00205670633171735,0.009548993682973411,1985
CACACCTGTCCCTACT,0.0029835902536051715,0.002486325211337643,0.004475385380407757,1021
CATGACATCTGCCAGG,0.01164021164021164,0.003527336860670194,0.004938271604938271,984
GTCATTTAGTAGGCCA,0.0234009360374415,0.0,0.005720228809152366,964
CAAGGCCGTACCGTAT,0.029209621993127148,0.001718213058419244,0.005154639175257732,383
CAGCTAAAGTTCGATC,0.017014036580178648,0.007230965546575925,0.005104210974053596,1556
AGTCTTTCAAGCCTAT,0.02294224189977863,0.0032199637754075265,0.0070436707587039635,1584
GACGTGCTCTGCTGTC,0.006904906117504542,0.004118715929739552,0.005087825560266505,2160
CCACCTATCAACCATG,0.017572944297082227,0.007625994694960212,0.006133952254641912,1810
CTGAAACTCGTCACGG,0.008994276369582993,0.003270645952575634,0.006541291905151266,685
GACTACATCATAAAGG,0.008917197452229299,0.0012738853503184713,0.007643312101910827,475
TGAGAGGGTGGTAACG,0.03667953667953668,0.005791505791505791,0.009652509652509652,341
TCCCGATTCCCAACGG,0.013939278212717204,0.0007637960664502578,0.007924384189421426,2500
CCCAATCCACCCATTC,0.005554526939455656,0.0016663580818366969,0.00814663951120163,1679
CACCTTGTCTCCAGGG,0.011652101539741989,0.0018726591760299626,0.0041614648356221385,1917
CGTCACTCACACATGT,0.007827788649706457,0.0027723418134377037,0.007827788649706457,1864
CTCATTAGTCTAACGT,0.0044014084507042256,0.0013204225352112676,0.00528169014084507,1141
GGCCGATGTCCAGTGC,0.01239209133945976,0.0026455026455026454,0.005430242272347535,2090
GTAACTGCAAAGAATC,0.008588750421017177,0.0038733580330077466,0.006231054227012466,2124
GAATAAGGTGTTTGGT,0.012161172161172162,0.009377289377289377,0.005860805860805861,2020
GCTTCCAAGCGTCAAG,0.023255813953488372,0.003875968992248062,0.003875968992248062,1164
AGCCTAAAGAACTGTA,0.0069133794225294835,0.0012200081333875558,0.004066693777958519,1150
CATTATCCAGCTCCGA,0.01911111111111111,0.0008888888888888889,0.002666666666666667,902
CGTCACTTCATCTGCC,0.021604171840079463,0.0027315619567916563,0.005214800099329525,1474
ACGATGTCATATGGTC,0.0037174721189591076,0.004956629491945477,0.007434944237918216,1143
TGGACGCGTCTTCAAG,0.024719841793012523,0.004943968358602505,0.0042847725774555045,1299
CATTCGCCACAACGCC,0.015918958031837915,0.002894356005788712,0.00723589001447178,451
GACTACAGTGGTTTCA,0.004694835680751174,0.00046948356807511736,0.004694835680751174,1091
GTCACGGAGGCAAAGA,0.011325503355704697,0.0025167785234899327,0.0037751677852348987,1026
GTTACAGCAAGAGGCT,0.021681864235055723,0.0034447821681864235,0.0052684903748733535,2808
CTGCGGACAGCTGTAT,0.0014970059880239522,0.0014970059880239522,0.0029940119760479044,586
GGCAATTGTCGGCTCA,0.013157894736842105,0.0013157894736842105,0.005921052631578948,819
GTTCTCGCAGCTCCGA,0.007894736842105263,0.002631578947368421,0.0061403508771929825,588
ACAGCTAAGAGTTGGC,0.008199776369735371,0.006708907938874394,0.004845322400298173,1249
TGATTTCCAAGGTTTC,0.031313131313131314,0.00101010101010101,0.006060606060606061,808
AAACGGGAGATGTTAG,0.00297441998810232,0.000594883997620464,0.007138607971445568,832
ATCCACCTCATGTAGC,0.005828071879553181,0.0029140359397765905,0.005342399222923749,897
ATTGGTGGTTAAGACA,0.0102,0.0015,0.0064,2225
CAGATCAAGTGGGATC,0.005485463521667581,0.0,0.004388370817334065,816
TCGTACCCAATGAAAC,0.01887504718761797,0.004152510381275953,0.00528501321253303,1594
AATCCAGGTGACGGTA,0.018951846838135757,0.0017404757300328757,0.0036743376522916263,1656
CTACCCAAGCTACCTA,0.012954369682907967,0.0019334880123743233,0.00502706883217324,1646
TGGCGCACACAGCGTC,0.005909090909090909,0.0013636363636363637,0.004545454545454545,959
GTAGTCATCATGTCCC,0.009940357852882704,0.0,0.004970178926441351,524
ATCATCTGTCGACTAT,0.011890606420927468,0.0023781212841854932,0.014863258026159334,900
GTACTTTCATAGGATA,0.01620745542949757,0.002025931928687196,0.006888168557536467,1191
ACGCCAGAGTTCCACA,0.006207674943566591,0.002257336343115124,0.001693002257336343,798
GTATCTTCAATTGCTG,0.017045454545454544,0.003787878787878788,0.007575757575757576,633
AGCGGTCAGAAGGTGA,0.00654911838790932,0.0025188916876574307,0.004030226700251889,982
TCAGCAATCTAACTCT,0.01003167898627244,0.0010559662090813093,0.0026399155227032735,804
GGGCACTTCTCACATT,0.003569303985722784,0.001189767995240928,0.0035693039857227844,902
AGACGTTTCAAAGACA,0.006372549019607843,0.000980392156862745,0.005392156862745098,1031
TATGCCCAGTTGCAGG,0.009416195856873822,0.003766478342749529,0.0018832391713747645,343
AATCCAGAGCCGGTAA,0.006211180124223602,0.0,0.007867494824016566,1123
CTGCCTAAGGGCATGT,0.0015729453401494297,0.0027526543452615023,0.006291781360597719,1149
CTACACCCACCACCAG,0.015535339398180546,0.0029391182645206438,0.005178446466060182,1795
ACAGCTAAGCCACCTG,0.006968641114982578,0.0017421602787456446,0.005226480836236934,411
TTCTTAGTCAGCTGGC,0.021256495040151157,0.0023618327822390174,0.0028341993386868216,1023
TCTGAGAGTTAAGTAG,0.009166302924487123,0.002182453077258839,0.004364906154517678,1072
CTAGAGTAGGGCTCTC,0.012612612612612612,0.0,0.010810810810810811,360
CCGTTCATCTAACTTC,0.010643081996702143,0.002098635886673662,0.005846199970019489,2030
GCTTGAACACCCATGG,0.012997562956945572,0.0016246953696181965,0.0016246953696181965,1015
GCACTCTCATCCCACT,0.02009005888465535,0.0017319016279875303,0.003810183581572566,1125
CCTACACTCACTTACT,0.012145748987854251,0.004048582995951417,0.00708502024291498,525
CCACCTAGTTTGACTG,0.01662259161314696,0.003022289384208538,0.007177937287495275,2063
CATCCACAGCTAGCCC,0.005457853244390539,0.0018192844147968466,0.006064281382656156,684
TACTCGCGTTCAGGCC,0.005856515373352855,0.0021961932650073207,0.00317227916056613,1401
ATCTACTTCAGGCAAG,0.008116883116883116,0.0016233766233766235,0.004058441558441559,675
TTCTCAACAGGCTCAC,0.004073319755600814,0.0,0.009164969450101833,613
TTGTAGGTCTGAGTGT,0.008974199177365076,0.0032406830362707215,0.005234949520129628,2144
GCTGCTTTCACAACGT,0.012807881773399015,0.0019704433497536944,0.00394088669950739,1252
CGTCAGGAGGCATGTG,0.016781292984869325,0.006052269601100412,0.004401650618982118,1334
TTCCCAGCACCAGATT,0.015744489428699954,0.000899685110211426,0.0067476383265856945,1009
CTTAACTCAAGCGAGT,0.014208389715832206,0.0013531799729364006,0.0027063599458728013,773
CCATTCGAGGGTTTCT,0.018957345971563982,0.001184834123222749,0.0035545023696682467,845
CCGTTCATCCGATATG,0.01432532347504621,0.006931608133086876,0.00878003696857671,858
CTAATGGGTCGGCATC,0.009259259259259259,0.0,0.001851851851851852,527
AGTGGGACAAGAAAGG,0.015037593984962405,0.0037593984962406013,0.013157894736842105,328
GACTAACCAATAGCGG,0.013293943870014771,0.0014771048744460858,0.002461841457410143,1009
TCCCGATAGAGTACCG,0.016221374045801526,0.0019083969465648854,0.0057251908396946565,657
AGAGCTTTCATACGGT,0.022426912294753704,0.0008009611533840609,0.003604325190228274,1079
CACTCCAAGTGTTGAA,0.010982306284319707,0.0,0.0067114093959731525,1526
CACCACTCACTGCCAG,0.008083140877598153,0.0011547344110854503,0.0023094688221709007,647
TAAGAGAGTACCAGTT,0.005654281098546042,0.0016155088852988692,0.002423263327948304,694
GAGTCCGGTCAGAAGC,0.007183908045977011,0.0019157088122605363,0.0019157088122605363,1053
ACTGAGTTCCAAGTAC,0.009890180463682487,0.0019266585318861986,0.006486417057350201,3142
CTCATTACAATCTGCA,0.010380622837370242,0.002018454440599769,0.004613610149942328,1479
TGCTACCTCCCAAGAT,0.0023612750885478157,0.0,0.0023612750885478157,477
ATGCGATCATACCATG,0.012857142857142857,0.0014285714285714286,0.005714285714285714,465
TACTTGTGTACCATCA,0.009325287986834888,0.0027427317608337905,0.006582556226001097,753
CACACAAAGTGGGATC,0.00935064935064935,0.0012987012987012987,0.004675324675324676,1729
GGCGACTGTAGTGAAT,0.005118829981718464,0.0029250457038391227,0.005484460694698354,1247
TGGCGCAAGATATACG,0.004257130693912303,0.0021285653469561515,0.005534269902085993,982
TGCGCAGCACTCAGGC,0.008147512864493996,0.002572898799313894,0.003859348198970841,929
ACCCACTGTATAATGG,0.00169548999660902,0.00169548999660902,0.007460155985079689,1146
CACTCCATCAGAAATG,0.004405286343612335,0.0012586532410320957,0.003775959723096287,1400
TGCCCTACATAACCTG,0.015810276679841896,0.006587615283267457,0.00922266139657444,442
GTTTCTAGTCATCGGC,0.01338766006984866,0.002910360884749709,0.004074505238649593,948
GACGTGCGTATCTGCA,0.00887688151292937,0.002830310047600669,0.005660620095201337,2033
CGGACGTCACCAGGCT,0.007630522088353414,0.0008032128514056225,0.00321285140562249,1046
GACTGCGCATTGTGCA,0.00767204855147143,0.0032062292453910453,0.006984999427459063,2248
TGCCCTACATAAAGGT,0.019691119691119693,0.0007722007722007722,0.004633204633204633,1250
AACCGCGGTAAGGATT,0.013976971861338587,0.0023397574041007325,0.0064651191429099175,3147
TCAACGATCTCCTATA,0.017952450266860747,0.0019408054342552159,0.006307617661329451,1009
CGTCACTAGCTAGTCT,0.016826923076923076,0.003605769230769231,0.006009615384615385,482
TATGCCCTCTGCAGTA,0.021135265700483092,0.0018115942028985507,0.006642512077294686,942
TAGTTGGTCCGCTGTT,0.011022044088176353,0.003006012024048096,0.0030060120240480957,576
TTTGGTTCAGGCTCAC,0.011454753722794959,0.000572737686139748,0.004581901489117984,837
TGACTTTGTCAGAGGT,0.015873015873015872,0.0002690341673392521,0.004035512510088781,1435
CATATGGAGTTTCCTT,0.021594202898550723,0.0033333333333333335,0.007681159420289853,2030
CCTACCAAGGGTGTTG,0.020361990950226245,0.0022624434389140274,0.006787330316742081,819
TCGGGACCACCGTTGG,0.005360623781676413,0.001949317738791423,0.0043859649122807015,908
TGTGTTTGTAAGAGGA,0.022642910170749816,0.0011135857461024498,0.002969561989606533,1235
CCATGTCAGAGTGACC,0.010595358224016145,0.0015136226034308778,0.002522704339051463,972
TCTGGAAAGATCACGG,0.006274957216200799,0.0011409013120365088,0.0034227039361095267,862
GACACGCCACATAACC,0.017440793097117678,0.001652285661832201,0.00532403157701487,1544
TCCACACGTAAGAGAG,0.01597143930853063,0.004509582863585118,0.005636978579481398,1575
GTCATTTAGTGGTAGC,0.021461716937354988,0.0021751740139211136,0.010730858468677495,2247
CATCGAAAGTGGTAAT,0.017037387600567912,0.000946521533364884,0.003312825366777094,994
CCTCAGTGTTACCAGT,0.004858299595141701,0.0,0.0032388663967611335,556
CAGCCGACACCTCGTT,0.016679596586501165,0.0015515903801396431,0.0038789759503491082,1073
ACATACGAGCACCGCT,0.013121161362367392,0.005862646566164154,0.00446677833612507,1635
CAGCTGGGTCCAGTTA,0.0033240997229916896,0.000554016620498615,0.00221606648199446,874
CTAATGGGTAATCGTC,0.009000473709142587,0.0014211274277593558,0.0028422548555187117,931
GATGAGGCACCTGGTG,0.0033156498673740055,0.0,0.003315649867374005,814
CTAAGACAGTTAGGTA,0.011347517730496455,0.0009456264775413711,0.0033096926713947986,1056
ACAGCCGGTTGTGGCC,0.010604453870625663,0.0005302226935312832,0.0042417815482502655,1038
TGGGAAGGTCTGGTCG,0.015866797257590597,0.003819784524975514,0.003232125367286974,2173
GTTTCTAGTAGAGTGC,0.008773078433940028,0.002749770852428964,0.006023307581511064,2059
GTGCAGCGTAACGTTC,0.008818342151675485,0.0,0.008818342151675485,320
GAGCAGACACATCCAA,0.01352657004830918,0.001932367149758454,0.000966183574879227,525
GAACCTAAGGTGATTA,0.014594279042615295,0.0,0.007589025102159953,930
GATCGCGTCCATGAAC,0.014447236180904523,0.000628140703517588,0.002512562814070352,767
TGATTTCTCAACGGCC,0.012043435340572556,0.0019743336623889436,0.004146100691016782,1498
GTACGTATCAGTTCGA,0.004069175991861648,0.001017293997965412,0.004069175991861648,907
CATGGCGCACTGTCGG,0.009505703422053232,0.005703422053231939,0.0038022813688212928,592
CACCACTGTCACTGGC,0.002477700693756194,0.002477700693756194,0.002477700693756194,958
TTTGGTTGTCCAACTA,0.017815283638068447,0.0014064697609001407,0.005625879043600562,1024
CGGACGTTCTTAGAGC,0.006896551724137931,0.0016227180527383367,0.0032454361054766734,980
CTAGTGAAGCCCAGCT,0.014156750102585146,0.0008206811653672548,0.005334427574887156,1405
GACTACATCGCATGGC,0.028169014084507043,0.011066398390342052,0.009054325955734407,500
GGGACCTGTGACGGTA,0.017177344475394613,0.0009285051067780873,0.0018570102135561746,1032
ACTGATGAGAGCAATT,0.009731876861966237,0.0035749751737835156,0.0033763654419066537,1470
TTAGGACTCCTAGAAC,0.01869918699186992,0.0024390243902439024,0.004471544715447153,1205
AAATGCCCAATCTACG,0.009474590869939707,0.0008613264427217916,0.002583979328165375,432
CACAAACCAGACAGGT,0.003611971104231166,0.0,0.006707946336429309,958
TAGACCACATTACCTT,0.01271617497456765,0.003221430993557138,0.004916920990166158,1909
TAGCCGGCACGGTAAG,0.013545347467608953,0.0032391048292108363,0.005889281507656068,1200
CATTATCTCGAGAGCA,0.005,0.0,0.005555555555555556,918
GTATTCTGTCTCTTAT,0.012344533135325785,0.0026916651197326897,0.005754594393911269,2605
AGCTTGATCCACTCCA,0.007615700058582308,0.0017574692442882249,0.0017574692442882249,837
CACAAACCAAAGTGCG,0.01679751688880774,0.005660032864706956,0.0045645426328281904,1429
GCTTCCATCCACGTTC,0.0117096018735363,0.002810304449648712,0.003278688524590164,999
TACGGTACAAGGACTG,0.011720385098367517,0.002092925910422771,0.003767266638760987,1153
ATAAGAGTCTAGCACA,0.018193632228719947,0.000649772579597141,0.00649772579597141,797
CCTATTAGTATAGTAG,0.00922509225092251,0.00046125461254612545,0.003228782287822878,938
GGAGCAACACACGCTG,0.017943409247757072,0.0006901311249137336,0.003450655624568668,878
CGAGCCATCGCGTTTC,0.0037910699241786015,0.0,0.0021061499578770007,989
AGTCTTTAGATCGGGT,0.01197339246119734,0.0017738359201773836,0.004434589800443459,946
TCGTAGAAGAATAGGG,0.014911463187325256,0.0027958993476234857,0.003727865796831314,593
TGGGAAGGTAACGCGA,0.0018303843807199512,0.0006101281269066504,0.0024405125076266015,770
CTTTGCGAGTTAGGTA,0.019370731161124175,0.0031351472399507333,0.00425484268279028,2037
ACGATGTGTCAAACTC,0.013302676958449663,0.0014780752176055182,0.004105764493348662,1799
CAGCATAGTAAGTGTA,0.010173802458668928,0.0038151759220008477,0.005086901229334464,1053
CAAGATCGTAGCGCAA,0.016363636363636365,0.0,0.0018181818181818182,354
ATCCACCTCACCAGGC,0.012596221133659902,0.0027991602519244225,0.003498950314905528,801
GAAATGATCTTGCATT,0.004924242424242424,0.0003787878787878788,0.0053030303030303025,963
ATCATCTAGTCGAGTG,0.018163471241170535,0.0030272452068617556,0.005045408678102927,964
GCTGGGTCAGCCTTTC,0.010320284697508897,0.0018386714116251483,0.007651245551601425,3473
AGTTGGTGTGGTTTCA,0.01163623344074472,0.0008950948800572861,0.006444683136412459,1834
TCGGTAACATAAGACA,0.009230769230769232,0.0010256410256410256,0.0035897435897435897,919
CAAGTTGTCAAGATCC,0.007001166861143524,0.0,0.002333722287047841,473
CTGCGGAGTCTAACGT,0.013100436681222707,0.000727802037845706,0.002911208151382824,677
AAAGCAAAGAGCTGGT,0.012874408828166053,0.002364687335785602,0.006305832895428272,1318
GGATTACTCACGACTA,0.009241108933071968,0.0022402688322598714,0.003640436852422292,1168
ATCCGAACACACCGCA,0.006751389992057188,0.0007942811755361397,0.0035742652899126287,1093
ACGGCCAAGGCATTGG,0.002081165452653486,0.002081165452653486,0.004162330905306972,596
CCACTACGTACCGTAT,0.007047768206734534,0.00039154267815191856,0.005090054815974941,1077
CACACTCTCAAGGCTT,0.006587072869493619,0.0020584602717167557,0.0016467682173734047,964
CCTCAGTCACATGACT,0.014982467325470195,0.000637551801083838,0.007331845712464139,1338
TCTGGAAAGTGTGGCA,0.01076260762607626,0.0023062730627306273,0.005688806888068878,2605
AGGCCGTCAAGCGTAG,0.01149829872110759,0.007391763463569166,0.003167898627243927,2168
TACGGATCACCTATCC,0.02014995313964386,0.0032802249297094657,0.0037488284910965324,1101
GCATGCGGTACCGTTA,0.009046052631578948,0.0,0.004934210526315789,706
ATAGACCAGTTAGCGG,0.00686641697877653,0.003121098626716604,0.0024968789013732834,831
CAGCATACATTGAGCT,0.012389380530973451,0.0004424778761061947,0.004424778761061947,1089
ATTCTACCACCACGTG,0.005968529571351058,0.002170374389582203,0.009766684753119913,920
CTGATAGTCCCTAATT,0.024916943521594685,0.0011865211200759373,0.004746084480303748,1764
CTGAAACAGGCTACGA,0.0054501033640293175,0.0028190189813944748,0.006389776357827475,2497
ACTATCTTCATGTGGT,0.007525870178739417,0.0014111006585136407,0.01269990592662277,967
CGCCAAGAGACTCGGA,0.016182117388919365,0.0027427317608337905,0.00575973669775096,1219
GGGATGAAGAGTAAGG,0.009433962264150943,0.008086253369272238,0.004716981132075472,721
GCAGTTAAGGTGCTAG,0.007751937984496124,0.002153316106804479,0.003875968992248062,892
GATTCAGTCCCAGGTG,0.015544041450777202,0.0004710315591144607,0.001413094677343382,896
ACTGAGTAGCAATCTC,0.01733615221987315,0.006765327695560253,0.005496828752642705,842
TTTCCTCAGCCCAACC,0.01641079936474325,0.0010587612493382743,0.0031762837480148226,873
ACATACGAGTCATGCT,0.002828054298642534,0.0011312217194570137,0.004524886877828055,957
CACCTTGTCTTCCTTC,0.004539559014267186,0.0,0.003891050583657587,703
GACGGCTAGAAACGCC,0.011002444987775062,0.003667481662591687,0.006112469437652812,497
GGCGACTAGCTCCCAG,0.0040128410914927765,0.0008025682182985554,0.002407704654895666,657
CTCTACGAGTGGTAGC,0.012349309026756836,0.0016661766147211604,0.007252768793492115,2387
TAAGTGCAGCTTCGCG,0.0246189917936694,0.004689331770222743,0.008206330597889801,681
GTAACGTCAATGACCT,0.0014858841010401188,0.0029717682020802376,0.004457652303120356,415
TACTCATAGGAGTTTA,0.006143667296786389,0.0,0.0051984877126654075,1044
CTTAACTTCGCCTGTT,0.02052597819114817,0.005131494547787043,0.0032071840923669015,852
GGGCATCTCCACTCCA,0.009312638580931265,0.0008869179600886918,0.0017738359201773836,960
GCATGCGAGTTAGCGG,0.014990953734815198,0.0062031532695787026,0.001809253036960455,1100
CTAATGGGTGATGTGG,0.006364022061943148,0.0012728044123886295,0.0072125583368689,907
CATATTCCAATGTAAG,0.00397456279809221,0.000794912559618442,0.0039745627980922104,688
CAACCAATCTCGCTTG,0.029386343993085567,0.006914433880726016,0.0064822817631806405,1054
GTATTCTTCTATGTGG,0.010688836104513063,0.0011876484560570072,0.005146476642913698,1134
GTCACAATCCGCAAGC,0.0171990171990172,0.0019656019656019656,0.004914004914004913,964
ACTGAGTTCACCCGAG,0.006835066864784547,0.0008915304606240713,0.0029717682020802367,1392
ATCTACTCATCTATGG,0.0027675276752767526,0.0012300123001230013,0.0058425584255842565,1360
CTACACCTCTTTACAC,0.017191977077363897,0.0028653295128939827,0.004584527220630372,690
GCATGCGGTAGGACAC,0.015311004784688996,0.0014354066985645933,0.003827751196172249,868
GGACAGAGTTTAAGCC,0.015102040816326531,0.0012244897959183673,0.002448979591836735,1026
TGACGGCCATGAGCGA,0.005440943096803446,0.004760825209703015,0.004534119247336204,1491
TCGCGAGGTGCTTCTC,0.015011547344110854,0.0011547344110854503,0.0011547344110854503,457
CCCATACCAGTGACAG,0.022727272727272728,0.0030303030303030303,0.0,373
GTCCTCACACGGTTTA,0.033707865168539325,0.0018726591760299626,0.0056179775280898875,350
CGTAGCGGTGCAGTAG,0.02626970227670753,0.0035026269702276708,0.0070052539404553416,368
ATCCGAAAGCCATCGC,0.013006885998469778,0.0,0.0022953328232593728,705
GCATGCGTCACCCGAG,0.014399205561072492,0.0014895729890764648,0.0059582919563058575,916
CACAGGCCAGTATCTG,0.009929078014184398,0.0,0.0014184397163120568,433
GGACGTCGTCCTAGCG,0.013830897703549061,0.0006524008350730689,0.006654488517745301,2096
CTCGAAACACACCGAC,0.005349977708426215,0.0035666518056174765,0.006241640659830585,973
TCGTAGACAGACGCTC,0.013460635467209266,0.002295612250221735,0.0051129545573120475,3053
GTAGGCCAGAGGTTGC,0.014884233737596472,0.0016538037486218302,0.005512679162072769,895
